"","baseMean","log2FoldChange","lfcSE","pvalue","padj","Symbol"
"ENSMUSG00000002289",4940.31468827738,1.80100267220497,0.115821954459289,9.94775535864467e-57,3.32533566128774e-53,"Angptl4"
"ENSMUSG00000026077",668.523546604036,2.90606979303741,0.21235386805753,1.60666317792977e-45,3.83625262227403e-42,"Npas2"
"ENSMUSG00000073557",5950.88742593652,1.36288722228252,0.102018917194497,7.42443123893938e-43,1.37879937475148e-39,"Ppp1r12b"
"ENSMUSG00000039959",3077.07006355248,1.56637412357566,0.119515577996579,1.935352022509e-41,2.69562280868463e-38,"Hip1"
"ENSMUSG00000020788",9564.66006236822,1.41017629565266,0.110468875192427,1.7182648960018e-39,2.20915995936724e-36,"Atp2a3"
"ENSMUSG00000024049",1636.56453983726,1.38948417164773,0.109530804033305,4.85391113443385e-39,5.79487647863767e-36,"Myom1"
"ENSMUSG00000041828",9382.08174623827,1.10794123499766,0.0943958596547392,1.12204642476724e-33,9.87046523345241e-31,"Abca8a"
"ENSMUSG00000037820",12447.8599690841,1.24275248675666,0.108523532891234,2.04655680084514e-32,1.62886430330122e-29,"Tgm2"
"ENSMUSG00000006342",3553.28402913341,1.25266727284292,0.110796313971045,1.05699032649209e-31,8.03024378044948e-29,"Susd2"
"ENSMUSG00000068747",3215.27866007509,1.26967992782473,0.113832285641781,5.67303194767141e-31,3.7927622389352e-28,"Sort1"
"ENSMUSG00000027993",2610.72236912802,1.23340261426455,0.110695562166471,7.07090168414468e-31,4.5455019518767e-28,"Trim2"
"ENSMUSG00000066113",3837.82458942231,1.15364114815007,0.103743613516908,1.15563820982312e-30,7.15382853295688e-28,"Adamtsl1"
"ENSMUSG00000024900",3465.52714197727,1.3601014945701,0.123312101815253,1.92649546057294e-30,1.14998018314343e-27,"Cpt1a"
"ENSMUSG00000052296",3041.59869308284,1.9103908671484,0.177509210237297,2.43706540044382e-29,1.27290972196931e-26,"Ppp6r1"
"ENSMUSG00000053469",228.210656460534,3.78480044154317,0.353258132083568,4.57878777782371e-28,2.06837456536609e-25,"Tg"
"ENSMUSG00000050315",3530.4551560874,1.09111366862859,0.106276817588995,1.44461217809034e-26,5.8212971885262e-24,"Synpo2"
"ENSMUSG00000083405",898.061442373926,1.91950918723107,0.189602593965491,1.93840404503466e-26,7.53453144388588e-24,"Gm15725"
"ENSMUSG00000005611",4398.38086845358,1.41674641798499,0.143327299674127,3.14291581734971e-25,1.09438947856631e-22,"Mrvi1"
"ENSMUSG00000049516",21546.9092882129,1.08539919304076,0.112671933501567,8.57109282166682e-24,2.70296689474225e-21,"Spty2d1"
"ENSMUSG00000025092",3465.8594897206,1.29222420335047,0.135754928607413,1.36638677887457e-23,4.15232520401992e-21,"Hspa12a"
"ENSMUSG00000004098",9221.43459182835,1.00897234155514,0.107780182531071,1.62753875745762e-22,4.53378046535777e-20,"Col5a3"
"ENSMUSG00000033792",2200.0541097171,1.03558188372748,0.113385914748541,1.21580173049567e-21,3.03297166022458e-19,"Atp7a"
"ENSMUSG00000038244",3246.09585680889,1.13945468377648,0.125482569757228,1.29770297497098e-21,3.18967757700956e-19,"Mical2"
"ENSMUSG00000021823",11505.2671046229,1.06085601296264,0.116592456126083,1.4947715319595e-21,3.6208132442277e-19,"Vcl"
"ENSMUSG00000025324",2290.00200864709,1.24960021997898,0.138584841808686,1.65936644943038e-21,3.96209297653992e-19,"Atp10a"
"ENSMUSG00000017631",4333.24925184246,1.13698184008018,0.12623380520244,2.56746381935665e-21,5.96008198287876e-19,"Abr"
"ENSMUSG00000032911",6404.54587884583,1.16880643448885,0.130379324349806,3.37771732589441e-21,7.52735565133323e-19,"Cspg4"
"ENSMUSG00000040433",2929.90609693646,1.05323299024002,0.116845116844742,3.36227227396063e-21,7.52735565133323e-19,"Zbtb38"
"ENSMUSG00000029708",6347.46379382561,1.28681441418515,0.145184548843526,6.09241549149527e-21,1.33985042795858e-18,"Gcc1"
"ENSMUSG00000003660",3343.27642318116,1.2661533009105,0.143229052144837,7.86327525554894e-21,1.70684133274344e-18,"Snrnp200"
"ENSMUSG00000090035",800.374322576735,1.70374715932807,0.194343051407657,9.78519075748898e-21,2.09679074770091e-18,"Galnt4"
"ENSMUSG00000022324",6634.40627622759,1.16412735818181,0.132412771957532,1.62278771870607e-20,3.34855233709299e-18,"Matn2"
"ENSMUSG00000038170",2387.70998193033,1.09839909443477,0.124792900221874,1.88635406447131e-20,3.84494168702117e-18,"Pde4dip"
"ENSMUSG00000016128",2870.10141853956,1.2301362926955,0.141483373532089,3.13350320618251e-20,6.31004489013668e-18,"Stard13"
"ENSMUSG00000079243",3767.17834204658,1.24755461067456,0.145846273881599,1.0214762474416e-19,1.87614879118009e-17,"Xirp1"
"ENSMUSG00000037709",627.157945705648,1.7362340943742,0.204449447169402,1.03317869768198e-19,1.8770161688105e-17,"Fam13a"
"ENSMUSG00000034354",3065.57529400938,1.18920929982997,0.14076094158564,2.99006872233205e-19,4.99760086250578e-17,"Mtmr3"
"ENSMUSG00000042129",204.498130741389,2.28165535362215,0.27987116385919,5.88275612416295e-19,9.54605687953977e-17,"Rassf4"
"ENSMUSG00000051339",1124.3115070584,1.58802834689369,0.191604511865199,6.35367882500129e-19,1.02110949885646e-16,"2900026A02Rik"
"ENSMUSG00000004508",895.548337833279,1.4696184150985,0.17854237010277,1.10338032906214e-18,1.70758322406895e-16,"Gab2"
"ENSMUSG00000058230",1298.69887188901,1.0653232384363,0.12880445396547,2.12785446020441e-18,3.20405040070779e-16,"Arhgap35"
"ENSMUSG00000020357",1365.68458313789,1.61512619296235,0.198450208294472,2.1543078726953e-18,3.21491980216333e-16,"Flt4"
"ENSMUSG00000040648",952.038358953403,1.17002238007084,0.145502569398157,9.55215783098991e-18,1.30864562284562e-15,"Ppip5k2"
"ENSMUSG00000019907",1796.92660840391,1.75496537796993,0.221713359518572,1.17932948851766e-17,1.60254577813693e-15,"Ppp1r12a"
"ENSMUSG00000054203",1020.1620161867,2.22025498948035,0.286584724871374,1.77783947983719e-17,2.33974874535424e-15,"Ifi205"
"ENSMUSG00000029313",1991.19826182561,1.52305894205596,0.193770434576751,2.15970825664046e-17,2.8201065469913e-15,"Aff1"
"ENSMUSG00000033306",5195.03672369397,1.03978989949396,0.130073390258746,2.33476462003775e-17,3.02505859374504e-15,"Lpp"
"ENSMUSG00000034731",645.156484523822,1.50186892221783,0.191334620488215,2.38893882236166e-17,3.07144026745791e-15,"Dgkh"
"ENSMUSG00000042607",942.970509042954,1.36183648236711,0.176829598502595,9.00989313709924e-17,1.1072893668638e-14,"Asb4"
"ENSMUSG00000019820",851.74178995497,2.21179369594577,0.293711018514969,9.66864252532348e-17,1.17102674759606e-14,"Utrn"
"ENSMUSG00000018604",2129.51101215387,1.68308450631104,0.219985233909228,9.93921833904762e-17,1.19513737639455e-14,"Tbx3"
"ENSMUSG00000025241",2819.30377091677,1.22491546006309,0.158682403721986,1.05885675036211e-16,1.26412369468231e-14,"Fyco1"
"ENSMUSG00000032289",2709.06304664856,1.50499301437179,0.197367769137504,1.37448537497166e-16,1.61782736318847e-14,"Thsd4"
"ENSMUSG00000039523",2238.96421125136,1.03542609520635,0.134779091071729,2.83804840370092e-16,3.17604721017035e-14,"Cep104"
"ENSMUSG00000022893",77050.5469851711,1.01270072392152,0.131941660445685,3.32732718052924e-16,3.63483310427227e-14,"Adamts1"
"ENSMUSG00000043940",2361.71761476863,1.56919392405908,0.210074813055263,4.28580665258128e-16,4.56260970644863e-14,"Wdfy3"
"ENSMUSG00000007817",1825.19143040332,1.45275039189152,0.194860112545606,5.28037776757468e-16,5.5160146254527e-14,"Zmiz1"
"ENSMUSG00000004677",1291.35232033621,1.22642686692431,0.165015699660745,9.59921616798398e-16,9.43772347245201e-14,"Myo9b"
"ENSMUSG00000033453",1137.66468519514,1.30995741749698,0.177238981669846,1.0681389210397e-15,1.04402771498582e-13,"Adamts15"
"ENSMUSG00000023977",1325.76290663475,1.03885068868846,0.138612092931224,1.18845329196461e-15,1.14159817941934e-13,"Ubr2"
"ENSMUSG00000019966",2586.88927716024,1.05853755526337,0.141983671154824,1.46942567761339e-15,1.40342747289316e-13,"Kitl"
"ENSMUSG00000024978",443.277866259117,2.73859690844849,0.386325318675116,1.52345753531076e-15,1.43050950815641e-13,"Gpam"
"ENSMUSG00000032198",645.28846563478,1.9118867114221,0.264544583151531,1.77649458178099e-15,1.64957391332708e-13,"Dock6"
"ENSMUSG00000005952",2117.37400883331,1.180965108873,0.160677233543638,2.04359773874592e-15,1.85634198942387e-13,"Trpv1"
"ENSMUSG00000021375",1940.16012222469,1.13575557664356,0.154078336763031,2.03517878211933e-15,1.85634198942387e-13,"Kif13a"
"ENSMUSG00000027875",2193.21911918378,1.36381139176438,0.187159583473512,2.09701392666412e-15,1.89276469813507e-13,"Hmgcs2"
"ENSMUSG00000058325",2705.81185094951,1.05163904001017,0.141889715927773,2.10634338789711e-15,1.89276469813507e-13,"Dock1"
"ENSMUSG00000030084",1453.19229922873,1.1194227127505,0.155175054567091,6.9487856471071e-15,5.80710016528741e-13,"Plxna1"
"ENSMUSG00000022801",2001.76343164642,1.11267024560783,0.154419195722934,7.58494285739954e-15,6.30720074221771e-13,"Lrch3"
"ENSMUSG00000029174",3530.04564993456,1.14956215869881,0.159980306324299,7.65484016669269e-15,6.33381180921295e-13,"Tbc1d1"
"ENSMUSG00000078937",489.228962823777,2.52917443096204,0.373725564918566,1.46662583525205e-14,1.16490907948432e-12,"Cpt1b"
"ENSMUSG00000026924",1273.73953790145,1.37534503002598,0.199258307541619,3.28475400528216e-14,2.51841185524248e-12,"Sec16a"
"ENSMUSG00000040152",63502.3263621685,1.2848262668164,0.185953476030008,3.73750622416199e-14,2.85245109728966e-12,"Thbs1"
"ENSMUSG00000020741",3230.90143965565,1.24294985212092,0.179662954604002,3.90251349744202e-14,2.964845936193e-12,"Cluh"
"ENSMUSG00000048232",1075.45572505119,1.01539443875913,0.145365546754518,5.64682623232468e-14,4.23233424426344e-12,"Fbxo10"
"ENSMUSG00000071856",466.138085104594,1.4954439224123,0.220499954261341,6.46673187608542e-14,4.77529786198681e-12,"Mcc"
"ENSMUSG00000006576",3721.78904295305,1.2025871607458,0.175468067011971,6.89812897876495e-14,5.05681262066129e-12,"Slc4a3"
"ENSMUSG00000042046",1493.3064142201,1.15291625925712,0.167776924036817,7.15480961419976e-14,5.17686094769415e-12,"Dstyk"
"ENSMUSG00000037486",1049.99337160282,1.02047811042209,0.148261439617251,1.13509893138858e-13,7.93809353105803e-12,"Asxl2"
"ENSMUSG00000034525",700.725380864622,1.29833570262065,0.194339166441216,1.76215629561702e-13,1.1972634278432e-11,"Ice1"
"ENSMUSG00000041528",2169.50002963793,1.00182582431812,0.14708974094496,2.04764206873793e-13,1.36897158147543e-11,"Rnf123"
"ENSMUSG00000070738",2356.27404152109,1.03711583983476,0.153415118431409,2.47158022397634e-13,1.61999968092316e-11,"Dgkd"
"ENSMUSG00000034235",962.842583113239,1.09226561171923,0.162592639720937,2.61360235528763e-13,1.69975680024426e-11,"Usp54"
"ENSMUSG00000030306",393.88868155285,2.01817344492209,0.312820104604388,2.94911394474698e-13,1.90314635028961e-11,"Tmtc1"
"ENSMUSG00000079020",1832.2037815572,1.11113232406679,0.166385028903523,3.18176344079102e-13,2.03754766855866e-11,"Slc45a4"
"ENSMUSG00000090958",5718.52508911519,1.19058790056716,0.180970719164329,4.69908613818765e-13,2.89817438057817e-11,"Lrrc32"
"ENSMUSG00000073700",18119.9050645776,1.13653326212663,0.172715173392867,5.59857079524918e-13,3.415128185102e-11,"Klhl21"
"ENSMUSG00000033396",674.148649740779,1.40156430385391,0.218469464794698,8.50625521059126e-13,4.97110313251127e-11,"Spg11"
"ENSMUSG00000033209",2196.43519683721,1.15451596263574,0.179085084690522,1.27680147971103e-12,7.25865984077899e-11,"Ttc28"
"ENSMUSG00000029577",2505.22936545569,1.01710399218442,0.157094544374564,1.86609082957294e-12,1.0303093268832e-10,"Ube3b"
"ENSMUSG00000054641",5589.46097984604,1.3255915393445,0.210174053742216,1.97002251222107e-12,1.07957233669715e-10,"Mmrn1"
"ENSMUSG00000027716",2795.72653417283,1.10659434058183,0.173478082236201,2.3807703739581e-12,1.29616273714449e-10,"Trpc3"
"ENSMUSG00000031431",11505.8869162629,1.0014543239018,0.155365174652215,2.42703287424605e-12,1.31705933312171e-10,"Tsc22d3"
"ENSMUSG00000101645",199.008746968106,17.7806202033573,3.72830749855905,2.61432860858543e-12,1.40954478593216e-10,"Gm28635"
"ENSMUSG00000078684",510.678163906494,1.11126706696944,0.175197773325877,2.953205332908e-12,1.56698012489601e-10,"5830417I10Rik"
"ENSMUSG00000041797",1905.0159066993,1.00856058217412,0.157774790056778,3.33133393692864e-12,1.75993275793811e-10,"Abca9"
"ENSMUSG00000051910",357.465426168523,1.40572416080096,0.228158524808404,4.2980236357717e-12,2.22406089932781e-10,"Sox6"
"ENSMUSG00000041341",739.132735768099,1.30372067332549,0.212271806351223,5.90847357531069e-12,2.94788738321621e-10,"Atg2b"
"ENSMUSG00000003226",6031.30451958084,1.08540863528355,0.174691632902541,7.52982347621751e-12,3.69071758303517e-10,"Ranbp2"
"ENSMUSG00000024251",241.093102124498,1.69914367402154,0.283789727368889,8.73834801971779e-12,4.27054821057202e-10,"Thada"
"ENSMUSG00000024163",1633.23671441106,1.29335287443951,0.214489987235821,1.21357278157209e-11,5.82863662965399e-10,"Mapk8ip3"
"ENSMUSG00000040506",1008.2937692614,1.02668202661899,0.167280238483286,1.5691571816385e-11,7.38785722081856e-10,"Ambra1"
"ENSMUSG00000100622",167.811531400175,7.12018053176058,1.09870390319856,1.6851122117126e-11,7.82360152960123e-10,"RP24-447G12.2"
"ENSMUSG00000019731",3011.30013162998,1.00584765779933,0.165145119206235,2.31769168887276e-11,1.05552858004957e-09,"Slc35e1"
"ENSMUSG00000039620",57.2156758252253,7.7050964461219,1.21015357898301,2.74586928680253e-11,1.2304144573624e-09,"6430573F11Rik"
"ENSMUSG00000039470",310.976984053557,1.45148018339636,0.248306710196994,2.75631179600425e-11,1.23179131974372e-09,"Zdhhc2"
"ENSMUSG00000020576",727.148461357336,1.14200377686623,0.193549926893984,4.21705365836155e-11,1.84512656664542e-09,"Nbas"
"ENSMUSG00000052934",1788.47019971798,1.02382294540232,0.171212050387153,4.23026972233234e-11,1.84607645271704e-09,"Fbxo31"
"ENSMUSG00000002343",351.280680190398,1.46257627374282,0.258832377169847,8.47242437469924e-11,3.51384866001794e-09,"Armc6"
"ENSMUSG00000032548",1474.80502465066,1.64188778348068,0.293171623198932,8.90681696983289e-11,3.66671277915731e-09,"Slco2a1"
"ENSMUSG00000047419",263.572019748877,2.80742846969873,0.522618076274616,1.00518655932003e-10,4.08775867456811e-09,"Cmya5"
"ENSMUSG00000043456",1027.17902337862,1.05055766218275,0.182287214683501,1.38384828247633e-10,5.49593179131528e-09,"Zfp536"
"ENSMUSG00000056900",314.806790212491,1.67025733930779,0.30285725690434,1.38434084249356e-10,5.49593179131528e-09,"Usp13"
"ENSMUSG00000029720",1344.34634811518,1.05191388846487,0.183687414420978,1.7067721964004e-10,6.68079402591014e-09,"Gm20605"
"ENSMUSG00000041949",466.298102185058,1.30894622999981,0.235719140881343,1.97801123992436e-10,7.6884836893246e-09,"Tango6"
"ENSMUSG00000047036",139.153406895498,8.66869769217574,1.45647699019478,2.26799391774823e-10,8.69432347276237e-09,"Zfp445"
"ENSMUSG00000037415",906.785352278485,1.00102981214671,0.175188447841862,2.31986016331987e-10,8.83237876303608e-09,"Ranbp10"
"ENSMUSG00000024112",2607.0084327611,1.11364903052917,0.199217070991623,2.92564725244897e-10,1.0939433596741e-08,"Cacna1h"
"ENSMUSG00000045790",1258.30492921545,1.03678295753609,0.184785443081947,3.58646823587028e-10,1.30030867883592e-08,"Ccdc149"
"ENSMUSG00000019984",542.703151817876,1.21182389982976,0.220936222694174,3.78377096021128e-10,1.35712334396934e-08,"Med23"
"ENSMUSG00000038718",355.564705702719,1.34831243879213,0.248931270566729,3.90548111899476e-10,1.39777754652845e-08,"Pbx3"
"ENSMUSG00000003435",1928.18837951798,1.74863101949092,0.330247785282279,4.09121595632314e-10,1.45490603178691e-08,"Supt5"
"ENSMUSG00000069515",622.289065040841,1.1370769934484,0.206461848303528,4.29222574014054e-10,1.51992078433705e-08,"Lyz1"
"ENSMUSG00000021277",472.919625415972,1.10028846704954,0.199069756653209,4.42097283996784e-10,1.56220169233029e-08,"Traf3"
"ENSMUSG00000033039",626.858267680925,1.34359729154225,0.251222839895343,5.74735094595329e-10,1.98473602707982e-08,"Micall1"
"ENSMUSG00000002831",607.998337707958,1.21455487238253,0.226111665596057,7.07241727421693e-10,2.40750269493405e-08,"Plin4"
"ENSMUSG00000092329",1382.55871054676,1.56933485511974,0.30115112720486,8.19320473150671e-10,2.73882447764806e-08,"Gm20388"
"ENSMUSG00000029009",2538.96678545236,1.24198376621856,0.234259968355819,9.56379144940072e-10,3.14045599774624e-08,"Mthfr"
"ENSMUSG00000044285",8735.35335845218,1.25561997878143,0.237818338918703,1.03739383246869e-09,3.38652353825813e-08,"Gm1821"
"ENSMUSG00000034126",518.654124024144,1.29115333002082,0.246824944287894,1.22874240333355e-09,3.91931307811391e-08,"Pomt2"
"ENSMUSG00000032777",1448.50152745099,1.24741944914803,0.239615183642151,1.58163708422259e-09,4.94643469611589e-08,"Gtf3c1"
"ENSMUSG00000027878",1455.22475547473,1.02716390325666,0.193183740942663,1.95607738392209e-09,5.98788963276079e-08,"Notch2"
"ENSMUSG00000038766",432.940431767335,1.28085732306758,0.250594582368249,2.38789180654159e-09,7.15254904203156e-08,"Gabpb2"
"ENSMUSG00000035181",718.04639428915,1.07592785680791,0.205525432947242,2.4694897261086e-09,7.3705448718177e-08,"Heatr5a"
"ENSMUSG00000024451",145.692969694951,1.85804107693741,0.379548505250336,2.61965693628546e-09,7.73585618958926e-08,"Arap3"
"ENSMUSG00000031385",1860.85887534009,1.31146570617781,0.259131077421496,2.87619533939604e-09,8.3604745917679e-08,"Plxnb3"
"ENSMUSG00000032115",794.56457671453,1.07379689383954,0.206359722713125,2.95262114544514e-09,8.56772740016841e-08,"Hyou1"
"ENSMUSG00000098428",150.485659642125,4.06584662396825,0.771886262361668,2.98507652816391e-09,8.64689239024812e-08,"Gm2260"
"ENSMUSG00000034055",1135.75123635038,1.06596854960504,0.205281368442464,3.23445323244421e-09,9.32080195294354e-08,"Phka1"
"ENSMUSG00000039414",601.73052888038,1.68050484347649,0.342902634922039,3.38224108726674e-09,9.72991007445375e-08,"Heatr5b"
"ENSMUSG00000024066",681.257155501663,2.09477937714874,0.440856260071871,3.50949776545215e-09,1.00441345294122e-07,"Xdh"
"ENSMUSG00000041037",1217.23101968898,1.24760851406682,0.247282245307319,3.69662128197612e-09,1.04898689485482e-07,"Irgq"
"ENSMUSG00000035948",322.904405478382,1.27037325833068,0.252687102091229,3.80613992868303e-09,1.07604114007365e-07,"Acss3"
"ENSMUSG00000005871",1395.2030202903,1.07027801157875,0.207696593087748,3.92507130317002e-09,1.10616141250307e-07,"Apc"
"ENSMUSG00000044447",375.613653623433,1.18837018639225,0.234462365903012,3.93119468126613e-09,1.10616141250307e-07,"Dock5"
"ENSMUSG00000025266",1224.68784930687,1.12857188438792,0.221004663693203,3.97711981894754e-09,1.11532853446123e-07,"Gnl3l"
"ENSMUSG00000057722",2050.0600068458,1.14882899974197,0.225838501024862,4.09170952211375e-09,1.14554159049597e-07,"Lepr"
"ENSMUSG00000026822",231.892560845819,1.47124095226902,0.298954406543796,4.24685980760638e-09,1.18306022015089e-07,"Lcn2"
"ENSMUSG00000104063",368.433134808365,1.1307463562794,0.224301883758356,5.5591319522724e-09,1.50348432767445e-07,"Pcdhgb7"
"ENSMUSG00000036568",698.215728868896,1.15244391155361,0.229429082491719,5.63970884177788e-09,1.52281249727747e-07,"Gltscr1l"
"ENSMUSG00000031273",215.454916901197,1.46573480134931,0.301748797580402,5.89759805323909e-09,1.58476613925785e-07,"Col4a6"
"ENSMUSG00000041975",273.861145923268,1.26070567827447,0.254987135989212,6.00116303553967e-09,1.60742690666683e-07,"Mettl8"
"ENSMUSG00000035969",2305.05291800697,1.17409246775017,0.2351289419059,6.09692151221307e-09,1.62785856477842e-07,"Rusc2"
"ENSMUSG00000037138",2323.21120137465,1.19693584794882,0.241221818056617,6.64197150876341e-09,1.76212558408685e-07,"Aff3"
"ENSMUSG00000037999",1039.08565433488,1.00140533184718,0.195968783379888,6.7206711884661e-09,1.7773623139877e-07,"Arap2"
"ENSMUSG00000053965",478.539230455117,1.23670391985223,0.251471417604894,7.35409018675703e-09,1.92961167003857e-07,"Pde5a"
"ENSMUSG00000032480",1642.64562419206,1.17808097219588,0.238709769079166,8.11148653328581e-09,2.1052078558593e-07,"Dhx30"
"ENSMUSG00000080859",29.3475335122759,24.9606960570016,7.71375116452498,1.07128927231526e-08,2.70068309162552e-07,"Rpl10-ps1"
"ENSMUSG00000042029",370.552762545568,1.53782037978836,0.326713253603679,1.08472771657439e-08,2.73044262873861e-07,"Ncapg2"
"ENSMUSG00000027678",1698.94348517269,1.08579767996341,0.219620055284106,1.09684778217929e-08,2.75679907238264e-07,"Ncoa3"
"ENSMUSG00000051278",92.3947702129397,8.48931943161251,1.61879663194884,1.23145854952241e-08,3.04927380692113e-07,"Zgrf1"
"ENSMUSG00000029587",575.963110592541,1.10229762491339,0.225880210629309,1.42100078840191e-08,3.46482712620126e-07,"Zfp12"
"ENSMUSG00000027668",2217.55345797862,1.1446120719793,0.236366406323589,1.46009153705524e-08,3.5368072391799e-07,"Mfn1"
"ENSMUSG00000082361",154.854375821854,2.02767727504736,0.455577377090861,1.55668819772994e-08,3.7490614606424e-07,"Btc"
"ENSMUSG00000040537",858.929966631186,1.01133484392486,0.205643706908488,1.73829605127391e-08,4.15649216037085e-07,"Adam22"
"ENSMUSG00000015750",505.671357838475,1.00003776131486,0.204023779640328,1.99192890473956e-08,4.72913348207629e-07,"Aph1a"
"ENSMUSG00000102697",148.905618686949,2.26443512241887,0.528174127814434,2.31069747878521e-08,5.42429742421572e-07,"PCDHA9"
"ENSMUSG00000002032",112.235883100291,1.90256627666247,0.434145324438103,2.58989410364132e-08,6.02051321950779e-07,"Tmem25"
"ENSMUSG00000002020",1041.23847365812,1.40652571667483,0.308244116386523,2.74264047184791e-08,6.29677099539368e-07,"Ltbp2"
"ENSMUSG00000020747",1046.4601210972,1.004834653781,0.207954918647463,2.76661323710326e-08,6.34309652194017e-07,"2310067B10Rik"
"ENSMUSG00000053646",1268.46580280888,1.28252806336623,0.279039059766248,3.15132764061739e-08,7.12737350274411e-07,"Plxnb1"
"ENSMUSG00000040102",590.268419109365,1.10240906893806,0.234875081646202,3.58807795499065e-08,7.97488496538747e-07,"Klhl42"
"ENSMUSG00000041229",1422.51219908845,1.10882643858511,0.237039175113922,3.77754156551998e-08,8.32952898761225e-07,"Phf8"
"ENSMUSG00000034684",1099.27077374787,1.00785562557727,0.212129158936922,4.07765552744877e-08,8.96762295865509e-07,"Sema3f"
"ENSMUSG00000036208",329.572392234174,1.13392991944255,0.245195496012671,4.43770012665932e-08,9.6829921562642e-07,"BC027231"
"ENSMUSG00000030816",1473.29028952864,1.06636860656696,0.228037042410781,4.5292267029863e-08,9.83136300178091e-07,"Rnf40"
"ENSMUSG00000037110",607.675666335051,1.31384487190842,0.295285823011311,5.77824954484018e-08,1.21634336136598e-06,"Ralgapa2"
"ENSMUSG00000049739",354.326479987939,1.40599628147509,0.319784715125238,5.91774590790713e-08,1.23946372311729e-06,"Zfp646"
"ENSMUSG00000012519",304.029496228668,1.30370721895602,0.293714670010883,6.23358336349265e-08,1.30072549734602e-06,"Mlkl"
"ENSMUSG00000039662",1766.1729993322,1.13704366316236,0.250910098647615,6.83216396485511e-08,1.41854395662843e-06,"Icmt"
"ENSMUSG00000040697",189.58368389832,1.33601706369356,0.307861036946045,9.01137749437224e-08,1.81903579034949e-06,"Dnajc16"
"ENSMUSG00000015944",1020.8456736612,1.06196427778637,0.235134485394172,9.92207623492471e-08,1.98133312055593e-06,"Gatsl2"
"ENSMUSG00000024542",316.116372716933,1.87245345396817,0.459768575892404,1.00471080491053e-07,2.00390649084422e-06,"Cep192"
"ENSMUSG00000028150",89.5759539598407,1.93085087591471,0.477011591367482,1.00599625087852e-07,2.00407882445573e-06,"Rorc"
"ENSMUSG00000050505",492.561695096487,1.12959008356475,0.255858458390266,1.21200361945503e-07,2.36376061791965e-06,"Pcdh20"
"ENSMUSG00000079362",139.660601068066,7.4529842644579,1.54990175306929,1.24417770370777e-07,2.41523648545549e-06,"Gbp6"
"ENSMUSG00000040612",246.323107119239,1.36621191788964,0.32176430321307,1.27077329214907e-07,2.45545720288782e-06,"Ildr2"
"ENSMUSG00000022376",24.9383224230942,7.82423776665384,1.64345060616232,1.34667466768907e-07,2.5871632638799e-06,"Adcy8"
"ENSMUSG00000033083",350.944102625625,1.23408248464864,0.286174603146245,1.35242110391417e-07,2.59522001501968e-06,"Tbc1d4"
"ENSMUSG00000001150",1134.00167269456,1.03170129054042,0.231158846882712,1.45433058594819e-07,2.77168545194277e-06,"Mcm3ap"
"ENSMUSG00000028532",1574.3839249701,1.27380139511439,0.300738049909588,1.69341957956841e-07,3.16952014030306e-06,"Cachd1"
"ENSMUSG00000042453",1526.98345411577,1.09160679848788,0.250114617061716,1.77387285384741e-07,3.29794336809851e-06,"Reln"
"ENSMUSG00000030739",890.86596890493,1.00557219634946,0.228481468356731,2.18500010755312e-07,4.00001005450634e-06,"Myh14"
"ENSMUSG00000038024",1080.84392886357,1.54087744675074,0.384303123448352,2.38723591088504e-07,4.29959709208325e-06,"Dennd4c"
"ENSMUSG00000036529",1986.20002506115,1.13852117790382,0.268776447025612,2.63466322710409e-07,4.66188478268454e-06,"Sbf1"
"ENSMUSG00000027580",725.339994948752,1.0917400560559,0.255304792199863,2.64188321757292e-07,4.66277044334887e-06,"Helz2"
"ENSMUSG00000050271",842.543201298106,1.13368712466,0.268316673059428,2.81398806558382e-07,4.94563580737834e-06,"D8Ertd82e"
"ENSMUSG00000026944",1896.43015341425,1.08538614370294,0.25526255654498,3.02081983333122e-07,5.27586026063721e-06,"Abca2"
"ENSMUSG00000027650",568.752830761649,1.02428663340922,0.238504397327405,3.2523091055405e-07,5.60403034948494e-06,"Tti1"
"ENSMUSG00000069227",38.695186399786,3.26876446972991,0.877592781526192,3.61450250343152e-07,6.12705830044163e-06,"Gprin1"
"ENSMUSG00000032172",40.869625451271,7.72781363765079,1.72511570320466,3.68515516278528e-07,6.2215841808882e-06,"Olfm2"
"ENSMUSG00000009394",135.744727321226,1.53847409664935,0.396294977929152,4.01383292763027e-07,6.70872035524123e-06,"Syn2"
"ENSMUSG00000034832",790.625564286903,1.02767845076351,0.243585342932712,4.48758191330112e-07,7.42007805206061e-06,"Tet3"
"ENSMUSG00000034573",1239.06698476291,1.11766859778856,0.27366406297742,5.53718899261707e-07,8.92464578810045e-06,"Ptpn13"
"ENSMUSG00000021071",30.0313740110099,7.29857836996049,1.67743474332344,5.97670511094554e-07,9.54103622009013e-06,"Trim9"
"ENSMUSG00000030068",76.2473553993972,1.98895637454937,0.560243264364013,6.13148965638716e-07,9.76946788530553e-06,"Gm20696"
"ENSMUSG00000028246",97.8869522703009,1.7772271755045,0.49129243709934,6.89412151693684e-07,1.07992827585832e-05,"Faxc"
"ENSMUSG00000021720",66.8215789896649,6.91045303058576,1.61511405959312,7.71665224842862e-07,1.18762546666884e-05,"Rnf180"
"ENSMUSG00000045573",605.407706788241,1.11222921951286,0.277914686270859,8.01964630568863e-07,1.23085737698145e-05,"Penk"
"ENSMUSG00000038970",425.721218035881,1.09069269834115,0.271362709843576,8.12529242764235e-07,1.24364594904409e-05,"Lmtk2"
"ENSMUSG00000060012",76.3229782378525,2.62516906620342,0.78381120011356,8.21242033656202e-07,1.25468367006671e-05,"Kif13b"
"ENSMUSG00000004698",196.526368243459,1.61490678886222,0.444439565200938,8.92381262286668e-07,1.34735866466661e-05,"Hdac9"
"ENSMUSG00000054293",44.5487684438559,3.73964667742926,1.0427314582889,1.03033266702861e-06,1.5280372845356e-05,"A630033H20Rik"
"ENSMUSG00000036281",432.569052203798,1.0830597937878,0.274444493829546,1.13872136857381e-06,1.67393042694307e-05,"Snapc4"
"ENSMUSG00000080268",225.861874477847,1.13930388164493,0.292730709247392,1.14335121544278e-06,1.67778509349523e-05,"Brms1"
"ENSMUSG00000034310",232.381746696335,1.26680713736346,0.336228040190034,1.23260434667043e-06,1.79145643915214e-05,"Tmem132d"
"ENSMUSG00000036298",340.28980175852,1.42518901934478,0.390124321770789,1.26040482586349e-06,1.82868109891341e-05,"Slc2a13"
"ENSMUSG00000101439",54.5581085996448,2.42700239446442,0.762150181879257,1.47413287552705e-06,2.10586810953496e-05,"Gm336"
"ENSMUSG00000068115",471.308329027183,1.00326188908539,0.253238527538027,1.51615197962983e-06,2.15900937144103e-05,"Ninl"
"ENSMUSG00000034906",559.872232126817,1.00446968295751,0.257659811018435,1.95957758461133e-06,2.72709240209774e-05,"Ncaph"
"ENSMUSG00000019732",39.9627069694281,3.1158155420403,0.982773096528547,1.9750577021071e-06,2.74634895449402e-05,"Calr3"
"ENSMUSG00000026407",158.113665135147,6.54192344539629,1.688582602026,2.13464896144164e-06,2.95557674270412e-05,"Cacna1s"
"ENSMUSG00000103034",2737.38405494093,1.74490678626489,0.531969636417681,2.39749982877559e-06,3.25564834410648e-05,"UBC"
"ENSMUSG00000096544",44.0425230856333,6.58772109645508,1.73671638719322,2.54656100890537e-06,3.4380630616191e-05,"Gm4617"
"ENSMUSG00000032850",234.607193017498,1.10787546792777,0.298896535760073,2.72059565408915e-06,3.64067540131674e-05,"Rnft2"
"ENSMUSG00000042644",722.299600648489,1.14880751712756,0.313412097178647,2.73281359403087e-06,3.65117876983469e-05,"Itpr3"
"ENSMUSG00000051977",20.7873301000266,3.99755752334337,1.21407209405151,3.06483103210669e-06,4.04625480810673e-05,"Prdm9"
"ENSMUSG00000102752",62.5399223060763,2.11072247105513,0.698710199603094,3.17104066004928e-06,4.16345432773477e-05,"Gm7694"
"ENSMUSG00000073490",533.857501598755,1.06962882157455,0.289393141761295,3.31230008547071e-06,4.32176296866179e-05,"AI607873"
"ENSMUSG00000000889",349.729078984009,1.60072673119087,0.501553938019652,4.34994308736172e-06,5.52469215517962e-05,"Dbh"
"ENSMUSG00000031111",96.2267043575782,1.54764475831552,0.489451744384236,5.41103351973876e-06,6.69926031473434e-05,"Igsf1"
"ENSMUSG00000054008",1182.18087509425,1.30387752033434,0.393480228662494,6.06837474953794e-06,7.44143914627859e-05,"Ndst1"
"ENSMUSG00000030515",308.467938125995,1.29418729283226,0.391489222904895,6.42242081008063e-06,7.7999870261981e-05,"Tarsl2"
"ENSMUSG00000038077",1099.2295384742,1.115163940401,0.320991454018683,6.42946472462109e-06,7.7999870261981e-05,"Kcna6"
"ENSMUSG00000039512",304.503848329223,1.34276339926096,0.41235227680344,6.62886143499053e-06,8.01698914793283e-05,"Uhrf1bp1"
"ENSMUSG00000046380",108.52063005505,1.53404116451615,0.493908929205063,6.71616106654692e-06,8.11669675099532e-05,"Jrk"
"ENSMUSG00000031328",68593.9031033246,1.16846278391628,0.345121079028813,7.28620789132401e-06,8.69622525335796e-05,"Flna"
"ENSMUSG00000034303",49.4153999372926,6.63910639522563,2.04546524762592,7.2853997788365e-06,8.69622525335796e-05,"Ccdc15"
"ENSMUSG00000036553",152.034037756288,2.09892856817466,0.761399005830091,7.35390143681306e-06,8.7544949155907e-05,"Sh3tc1"
"ENSMUSG00000047502",25.5100259039331,6.47731894751158,2.00937691515069,7.69554793021202e-06,9.10285832311137e-05,"Mroh7"
"ENSMUSG00000051341",132.13357096539,1.67785126754371,0.57441309779867,8.73789234931325e-06,0.00010270403145318,"Zfp52"
"ENSMUSG00000032890",21.72178442951,4.84825255525694,1.62645487350116,1.02436631911943e-05,0.000118077645915601,"Rims3"
"ENSMUSG00000067928",66.0071649059609,1.85269240178871,0.675390055860024,1.07243905215361e-05,0.000122856383260421,"Zfp760"
"ENSMUSG00000078651",51.0136780349356,1.773244416212,0.642280294765805,1.17164328834905e-05,0.000133035638053438,"Aoc2"
"ENSMUSG00000039929",505.075498606347,1.1217841143984,0.342605199534821,1.29081615965445e-05,0.000145578281325671,"Urb1"
"ENSMUSG00000049553",183.950030631426,1.39199622635219,0.468510431779062,1.49017960824364e-05,0.000164836942238148,"Polr1a"
"ENSMUSG00000035403",22.3248697865523,4.37898392823963,1.63291912147194,1.63299932420053e-05,0.000178976725932378,"Crb2"
"ENSMUSG00000052504",204.988376767077,1.37706782681921,0.466477800232363,1.65019999382838e-05,0.000180625034033055,"Epha3"
"ENSMUSG00000091387",155.888658627541,4.01191303919842,1.53926338175631,1.66842247599512e-05,0.000182261524599885,"Gcnt4"
"ENSMUSG00000032356",29.5932652163223,2.88053898380334,1.19284677655388,1.67862270244799e-05,0.000183256040814603,"Rasgrf1"
"ENSMUSG00000024228",168.080839605075,1.07306436938511,0.330859557567889,1.74870160868976e-05,0.000189914221492142,"Nudt12"
"ENSMUSG00000000037",107.676861130214,1.44270226073477,0.502008333400939,1.7610725403037e-05,0.000191133548302831,"Scml2"
"ENSMUSG00000058064",143.067293729444,6.81453127234149,2.55710828782082,1.78467960260724e-05,0.000193444454461592,"Gm10036"
"ENSMUSG00000030107",749.288941173463,1.04541981326609,0.322625390982499,1.98543362750959e-05,0.000210829337040631,"Usp18"
"ENSMUSG00000037827",203.466475502729,1.47888906499337,0.542180460443859,2.48542178434419e-05,0.000256428022861288,"Gm5884"
"ENSMUSG00000034825",485.887044806118,1.05441373183692,0.333603627387977,2.51371391289711e-05,0.000258851565244408,"Nrip3"
"ENSMUSG00000070733",580.569827906049,1.02757326747653,0.322081671286359,2.55040421429236e-05,0.000260877943927066,"Fryl"
"ENSMUSG00000036040",304.670829764812,1.1047618257196,0.357925148922694,2.6257598070463e-05,0.000267930094108497,"Adamtsl2"
"ENSMUSG00000022195",252.170995379171,1.00515811123016,0.313750607680495,2.69387480354725e-05,0.0002740439651034,"6030458C11Rik"
"ENSMUSG00000026828",57.8242693083229,2.37354819207737,1.05435616003273,2.71210571423293e-05,0.000275563130137929,"Galnt5"
"ENSMUSG00000054659",26.4129631969162,5.41367410995821,2.15692239340527,2.7196314924607e-05,0.000276159907442212,"Pm20d2"
"ENSMUSG00000019359",12.2325597489183,6.11594889942013,2.49223875960733,2.81571901792079e-05,0.000284706156476274,"Gdpd2"
"ENSMUSG00000024827",21.8013635153552,5.79621266514129,2.34283612187172,2.84034579516402e-05,0.000286502954860419,"Gldc"
"ENSMUSG00000031297",18.8707473120343,5.69781571064188,2.32619749308796,2.98169199814287e-05,0.000298956209099939,"Slc7a3"
"ENSMUSG00000029314",145.094452736537,1.36698720015071,0.494124959990895,3.00657155404211e-05,0.000300909203318921,"Agpat9"
"ENSMUSG00000046634",14.1407684673386,6.37066621794293,2.69170930122785,3.05163026576906e-05,0.00030505351831378,"Pkd1l1"
"ENSMUSG00000021032",39.4069815875018,1.82965957967895,0.766431828836252,3.07691296046233e-05,0.000307009570270486,"Ngb"
"ENSMUSG00000032528",40.5095960843144,5.21685145509539,2.14042671429983,3.0811213858427e-05,0.000307083260840637,"Vipr1"
"ENSMUSG00000067206",17.3097727707433,6.44452158004158,2.74810047387806,3.09266676613759e-05,0.000307866779804787,"Lrrc66"
"ENSMUSG00000060735",16.9516358078233,5.56747018384001,2.31818059993482,3.25711058622792e-05,0.000321555501111716,"Rxfp3"
"ENSMUSG00000050919",69.6781944606907,1.85492770886163,0.792466414396396,3.35889164409755e-05,0.000330432695346948,"Zfp366"
"ENSMUSG00000047040",12.9010701909856,5.83208871804066,2.46491034275149,3.36579541821272e-05,0.000330917086000044,"Prr15l"
"ENSMUSG00000026764",251.21137785033,1.2979923240072,0.464167181921332,3.37722887874997e-05,0.000331651019268078,"Kif5c"
"ENSMUSG00000033981",28.6640205681225,2.55888141957395,1.1866449520103,3.40980156124832e-05,0.000334189720803126,"Gria2"
"ENSMUSG00000040543",475.252761000822,1.11390461699763,0.372976833661084,3.52011819936852e-05,0.000342862794779986,"Pitpnm3"
"ENSMUSG00000030507",285.123141535548,1.362544374855,0.506768291982107,3.83229125100785e-05,0.000368968409961666,"Dbx1"
"ENSMUSG00000071661",19.1586017811551,5.6686676342561,2.51518517477382,4.11099070283615e-05,0.000391516231380076,"Zbtb3"
"ENSMUSG00000022148",42.5539454620785,5.2195778041416,2.31024244773966,4.22078120780948e-05,0.000400830324473452,"Fyb"
"ENSMUSG00000058922",139.944152329972,6.77752295196766,3.41705117203115,4.36961400341696e-05,0.000414023403929201,"Gm10052"
"ENSMUSG00000040054",99.204611928732,6.02519123617547,2.79243969750712,4.47114934253418e-05,0.000422119894724632,"Baz2a"
"ENSMUSG00000067878",52.7155206160631,1.73065022552153,0.754354758617749,4.69394184803275e-05,0.000440407471427205,"Mtap7d3"
"ENSMUSG00000018698",18.0919040145737,3.1371276321989,1.52680886833225,4.79118820308166e-05,0.000447623921891039,"Lhx1"
"ENSMUSG00000091478",139.127909605703,1.61074239144384,0.677626867703821,4.8053016199794e-05,0.000448441157321807,"Gm10039"
"ENSMUSG00000036061",194.785173738023,1.08295757080998,0.372066680647548,5.07595928222105e-05,0.000470025393036247,"Smug1"
"ENSMUSG00000074384",40.9904871541161,1.72964524902755,0.774201285068132,5.50906297035594e-05,0.000503436186367027,"AI429214"
"ENSMUSG00000066687",274.484699380584,1.11368460295719,0.39398547766671,5.83809924201943e-05,0.00052973936336109,"Zbtb16"
"ENSMUSG00000041479",104.647480195526,1.70391848510622,0.769835582972886,6.09828964431352e-05,0.00055020350975812,"Syt15"
"ENSMUSG00000033623",926.46311569881,1.0299295041967,0.352653774069403,6.14935058171118e-05,0.000554071404974235,"Pcgf3"
"ENSMUSG00000068299",77.7113221900735,1.28650649759001,0.494259185134498,6.18329587546576e-05,0.000555632297110402,"1700019G17Rik"
"ENSMUSG00000024261",15.3282728004909,5.35501614125163,2.68015996296451,6.48862681877474e-05,0.000579331776971159,"Syt4"
"ENSMUSG00000058740",99.5984793819523,1.54447678483028,0.674723354726331,7.0401088252987e-05,0.000620941313488351,"Kcnt1"
"ENSMUSG00000038670",404.806530779619,1.3125876029468,0.522185107310744,7.31464652736328e-05,0.000641432329791972,"Mybpc2"
"ENSMUSG00000074283",21.639679453835,5.40886271498602,2.84483851275787,7.49744611034417e-05,0.000655742094653545,"Zfp109"
"ENSMUSG00000040829",36.3779061249455,3.46994665386927,1.85494625477941,8.14792891331799e-05,0.000700339877312139,"Zmynd15"
"ENSMUSG00000051648",8.62077771087758,5.40694450080975,3.0466275610946,9.08394919784468e-05,0.000768366026785304,"Kctd19"
"ENSMUSG00000054648",78.627954943346,3.22982736847498,1.7829838687814,9.14624346993045e-05,0.000771682551016747,"Zfp869"
"ENSMUSG00000028909",265.737693516099,1.06653410893722,0.389644914003695,9.2547445318614e-05,0.000779656250531912,"Ptpru"
"ENSMUSG00000047953",17.5674716461036,4.96765496812813,2.73564652201652,9.31320971170322e-05,0.000783791475938608,"Gp5"
"ENSMUSG00000011008",101.972277051522,1.83665480736339,0.940699692972868,9.60855092980322e-05,0.000804192890539464,"Mcoln2"
"ENSMUSG00000029547",830.322249835904,1.00731143412078,0.35858039412797,9.60344677561375e-05,0.000804192890539464,"Ints1"
"ENSMUSG00000022871",39.3565994574897,1.58061773283338,0.755186901458064,0.000106090355224502,0.000874787467795919,"Fetub"
"ENSMUSG00000004815",404.881525999467,1.18742249869743,0.473089496349055,0.000111920616244873,0.000915186487239141,"Dgkq"
"ENSMUSG00000032338",147.238775201421,1.08841539983996,0.413736554010469,0.000115705023605458,0.000941984298364165,"Hcn4"
"ENSMUSG00000050677",17.2275892080875,4.59372024878948,2.70306165875048,0.000120536920871381,0.000977038843571414,"Ccdc96"
"ENSMUSG00000001027",40.2650967250357,4.01928011773934,2.35206925590516,0.000123153668451791,0.000994872119141245,"Scn4a"
"ENSMUSG00000040260",258.823414323019,1.01289119895574,0.372705127392545,0.000123321077023613,0.000995743227716266,"Daam2"
"ENSMUSG00000036905",288.932119424042,4.00548980921822,2.3735062792145,0.000128905453707219,0.00103222627138269,"C1qb"
"ENSMUSG00000027684",273.479354571279,1.05534486158162,0.400398740830407,0.000130554634440261,0.00104236967953913,"Mecom"
"ENSMUSG00000046410",101.349199404337,1.2082369211275,0.498638517478521,0.000131627998679606,0.00104963281008155,"Kcnk6"
"ENSMUSG00000047746",48.398101154257,2.43997867908271,1.45504803828661,0.000132064298719978,0.00105210804995506,"Fbxo40"
"ENSMUSG00000029419",28.4742056558055,1.92168890449374,1.09814194766729,0.000145847291582187,0.00113964078144211,"Gm996"
"ENSMUSG00000028468",83.0976291268037,1.27741542891962,0.557775710909945,0.000147441667657811,0.00114887647236953,"Rgp1"
"ENSMUSG00000036067",90.3727690242935,3.89252049717606,2.39875532862329,0.000148719401154198,0.00115560021891737,"Slc2a6"
"ENSMUSG00000001985",77.6923405123659,1.26741989442101,0.571364978437366,0.000182127724347407,0.00137741302477039,"Grik3"
"ENSMUSG00000040329",150.601398197548,1.06237239462037,0.425783247259334,0.000188164013867002,0.0014179320684279,"Il7"
"ENSMUSG00000003283",25.4096363954013,4.00057366537147,2.72870669152756,0.000204470746515655,0.00152296080983184,"Hck"
"ENSMUSG00000043719",118.024355247624,1.24484953245018,0.5726119963097,0.000218316864429446,0.00160534451037121,"Col6a6"
"ENSMUSG00000028337",33.9336193220757,3.74714695644644,2.59746759444406,0.000222220244337663,0.00162831616127124,"Coro2a"
"ENSMUSG00000010122",9.04617994339619,3.98294265443476,2.83314718574108,0.000230923553094293,0.00168765031325667,"Slc47a1"
"ENSMUSG00000049134",168.854138012108,1.10898566284012,0.47425670899768,0.000236544347332108,0.00172270249294504,"Nrap"
"ENSMUSG00000104346",174.303494531051,1.10595313891571,0.473350823293339,0.000240538126359766,0.00174722044501396,"PCDHGB6"
"ENSMUSG00000049699",43.6174679103598,1.22669304348605,0.569027103812945,0.000242304185458572,0.00175852025868631,"Ucn2"
"ENSMUSG00000009216",176.725980514324,1.3826991613685,0.712302995142273,0.000245769433489316,0.00177980516089274,"Fam163b"
"ENSMUSG00000035164",187.713503051595,1.08544134861589,0.463774106880675,0.000258119702435904,0.00185717292574848,"Zc3h12c"
"ENSMUSG00000040323",12.8579374869233,4.09760899119475,3.11501709553221,0.000264459524062848,0.00189219883783666,"Gm15429"
"ENSMUSG00000030811",20.130665868837,4.32416874331088,3.43123471488619,0.000264691665903731,0.00189223973649057,"Fbxl19"
"ENSMUSG00000033902",397.37271716153,1.04819249516432,0.442596607471656,0.00027965974831653,0.00198015507798199,"Mapkbp1"
"ENSMUSG00000034171",141.24983834992,1.01600654809355,0.420101827985371,0.000281216764732413,0.00198910580014285,"Faah"
"ENSMUSG00000071036",10.5865910860387,3.88215989669796,3.09273755445659,0.000312103896192351,0.00217677341729417,"Gm10309"
"ENSMUSG00000017453",43.0229318607109,1.29148383372408,0.668228823820391,0.000325927051185114,0.00225945447262878,"Pipox"
"ENSMUSG00000052572",21.9923605580859,3.38628312756723,2.64140010693174,0.000333273947573898,0.00230274525000006,"Dlg2"
"ENSMUSG00000071047",12.1223057714842,3.4944421548882,2.77442575584894,0.000342382043358671,0.00235399978309207,"Ces1a"
"ENSMUSG00000018927",62.5236891797117,1.52423514110989,0.936233749190323,0.000349039375912761,0.00239484570156235,"Ccl6"
"ENSMUSG00000035864",9.60751276927672,3.66092589157608,3.09996901447001,0.000380044698943481,0.00256856736681817,"Syt1"
"ENSMUSG00000039473",371.370147307367,1.07218944339785,0.500376042324645,0.000441648165742057,0.00293041184684904,"Ubn1"
"ENSMUSG00000103897",220.097450154931,1.00008299103579,0.442415315273838,0.000450833032797361,0.0029771844248669,"PCDHGB6"
"ENSMUSG00000038637",129.235684752383,1.00281311024778,0.446978118343446,0.000464362263618145,0.0030568534360432,"Lrrc56"
"ENSMUSG00000055301",82.4926699482171,1.07453481002117,0.514223071584174,0.000494337107264497,0.0032133482487682,"Adh7"
"ENSMUSG00000030393",66.1370470020685,1.32310026778822,0.792458527457471,0.000511056157817618,0.00329993908406296,"Zik1"
"ENSMUSG00000070713",882.93017902551,1.95143108814795,1.5656827737688,0.000523652702309462,0.0033624015621976,"Gm10282"
"ENSMUSG00000025885",23.6775149357364,3.11246715722851,2.82894277609333,0.000527012042445978,0.00337877992997395,"Myo5b"
"ENSMUSG00000038473",58.4861624152351,1.28143183322519,0.757308376133569,0.000549833909496147,0.00350092341459756,"Nos1ap"
"ENSMUSG00000001151",111.968577700047,3.29305027328927,4.02855835597086,0.000553035091486333,0.00351996516340539,"Pcnt"
"ENSMUSG00000019464",45.7241135729163,1.36627884913659,0.875690521341876,0.000566833865487909,0.00360117675265274,"Ptger1"
"ENSMUSG00000004892",36.4720651304197,1.30001840030725,0.790307846616726,0.000571242838180221,0.00362206100050994,"Bcan"
"ENSMUSG00000098754",29.8603394192639,3.11733158799272,2.94505648176477,0.00057103170360459,0.00362206100050994,"Gm28045"
"ENSMUSG00000036923",10.2698120217901,2.88600229921429,2.71307472072507,0.000611233817743622,0.00383345667158233,"Stox1"
"ENSMUSG00000013483",34.571368426563,1.52316146144873,1.1160165320508,0.000617530022185398,0.00386135308298045,"Card14"
"ENSMUSG00000031870",10.4627253303021,2.95841607292948,2.83951557638851,0.000624504288413305,0.00389912763412028,"Pgr"
"ENSMUSG00000028373",70.7822047727492,1.09448778802593,0.56545993060898,0.000638609684369903,0.00396940210656696,"Astn2"
"ENSMUSG00000039179",16.0898565666518,2.68247647013177,2.58608745653926,0.000692519307032395,0.00424134579433346,"Tekt5"
"ENSMUSG00000043463",13.8630126545308,2.53569291619303,2.42881125802131,0.000714284344173065,0.00434026055834288,"Rab9b"
"ENSMUSG00000025359",48.1337114293,1.22180229610643,0.753187576615352,0.000749135893467934,0.00450722005882759,"Pmel"
"ENSMUSG00000021364",88.5457597674791,1.06011946781947,0.55318791483742,0.000760336721064517,0.00456967564037121,"Elovl2"
"ENSMUSG00000036826",24.9259414039203,2.07759271139721,1.92341823319943,0.000765148664112742,0.00458869564836038,"Igflr1"
"ENSMUSG00000081406",185.180330145012,2.86076706120708,3.50063928471192,0.000854043100615201,0.00502268697525773,"Rps6-ps4"
"ENSMUSG00000033276",71.6012488089579,1.02582066647961,0.532113479450754,0.000854454648901544,0.00502333978253268,"Stk36"
"ENSMUSG00000102440",62.0975128998453,1.1303388044697,0.658764360558947,0.000856681923391349,0.00503289338051424,"PCDHGA9"
"ENSMUSG00000022997",25.3508935918126,1.316640788637,0.950564255662687,0.000888390048042103,0.0051791249609263,"Wnt1"
"ENSMUSG00000099032",30.3890111043773,1.48629742611167,1.22694553560867,0.000909587668082752,0.00527876676539414,"Tcf24"
"ENSMUSG00000031574",82.3067545279173,1.00759233843988,0.534597983737957,0.00100564142230368,0.00575823594805883,"Star"
"ENSMUSG00000074004",5.52028739120028,2.54677990092105,2.92312094591424,0.00102414766084455,0.00584218566667431,"B3gnt6"
"ENSMUSG00000030921",154.804947350162,1.03169838357836,0.569445598582893,0.00104706029070336,0.00596068313992371,"Trim30a"
"ENSMUSG00000020930",7.57458350361734,2.48582175948433,2.83508127563035,0.0010494201652466,0.00597005059289708,"Ccdc103"
"ENSMUSG00000020399",11.1591279097416,2.25930679618785,2.5392106686577,0.00114735091422774,0.00643997918185828,"Havcr2"
"ENSMUSG00000043670",11.1234480978524,2.28708120627375,2.61849332683696,0.00117153020164852,0.00655978418437297,"Diras1"
"ENSMUSG00000028555",26.6124649209069,1.17809320813333,0.822437782214842,0.00118330469093705,0.0066124221345108,"Ttc39a"
"ENSMUSG00000051067",10.3359109490756,2.10104442294476,2.37910260415631,0.00126009808306802,0.00696701268951337,"Lingo3"
"ENSMUSG00000074505",22.4070922785751,1.34266573976469,3.20256339873935,0.00127315716092943,0.00703456158273539,"Fat3"
"ENSMUSG00000061894",66.9288630686617,1.07778226823886,0.676670093665131,0.00128145899447529,0.00707341665576618,"Zscan20"
"ENSMUSG00000038663",62.2635536757471,1.81540585173448,1.96018670475358,0.00132284300408728,0.00727541887802395,"Fsd2"
"ENSMUSG00000044139",13.2457096010942,1.34298344165965,1.18089523081009,0.00133615414176119,0.00732933387771465,"Prss53"
"ENSMUSG00000090559",22.951452268403,1.77834189531232,1.92403605549281,0.0013610790856124,0.00744894428190098,"Gm17137"
"ENSMUSG00000038522",15.8482923494287,2.094257909014,2.49434006390807,0.00139470348554894,0.00761053674745836,"AI317395"
"ENSMUSG00000033182",18.5854274073556,1.60231926033853,1.67166422673876,0.00142677305847939,0.00775262838082721,"Kbtbd12"
"ENSMUSG00000048899",9.711743757556,2.10056986055933,2.54835543096817,0.0014344315619134,0.00777659184397957,"Rimkla"
"ENSMUSG00000046591",29.0370941710003,1.91951430167705,2.23444514440856,0.00147255568471742,0.00795944390249347,"Ticrr"
"ENSMUSG00000046908",6.739233491478,2.09160282361605,2.5903576154213,0.00149028320589426,0.00802984961422198,"Ltb4r1"
"ENSMUSG00000027983",28.8902313490779,1.08150733712495,0.732121643951472,0.00151274485723769,0.00813252413762328,"Cyp2u1"
"ENSMUSG00000042190",20.5136046906703,1.35545165061217,1.27582865438487,0.0015167062005148,0.00815119853228438,"Cmklr1"
"ENSMUSG00000061322",28.4180953390314,1.04253976217222,0.664907628800625,0.00152233088053748,0.00816933498473744,"Dnaic1"
"ENSMUSG00000030518",15.5809887145945,2.00553842711095,2.43856617481289,0.0015232855398957,0.00817079413152012,"Fam189a1"
"ENSMUSG00000044576",18.4008598564864,1.56522851335393,1.69748589707944,0.00161300283302004,0.0085695261764453,"Gareml"
"ENSMUSG00000017737",189.616019990689,1.6808002153652,1.93763740629471,0.00168180769474899,0.00885345946772746,"Mmp9"
"ENSMUSG00000026692",9.77470985972972,1.96415745364039,2.5288946472942,0.00171434502484805,0.00899076333395366,"Fmo4"
"ENSMUSG00000079038",7.0676798407725,1.94209081582455,2.49983027469298,0.00173952813630593,0.00909429880206985,"D130040H23Rik"
"ENSMUSG00000049985",7.43985767571153,1.93781887971731,2.50672710114945,0.00175726124298868,0.00917266221590033,"Ankrd55"
"ENSMUSG00000084350",30.0005146196915,1.19538227142419,1.03684760735,0.0017583938201039,0.00917570849491622,"Znf41-ps"
"ENSMUSG00000096795",20.9918835689503,2.00941352966215,2.75701755281012,0.00178117992102742,0.00927434305297578,"Zfp433"
"ENSMUSG00000058498",33.1153879065019,1.13209603772361,0.913661465214732,0.00181627275676111,0.0094189211469144,"Rnf207"
"ENSMUSG00000053461",22.0387502682502,1.52892011542064,1.75335021543088,0.00188298640933452,0.00970430221545817,"Hhipl2"
"ENSMUSG00000035868",47.2674969500981,1.09123112387869,0.870883237581208,0.00200873629861193,0.0102453519972535,"3110052M02Rik"
"ENSMUSG00000054850",8.53484232786238,1.74123118940794,2.43646402070976,0.0022594344408649,0.0112931181951603,"6330419J24Rik"
"ENSMUSG00000019301",5.24356520703218,1.72916100216452,2.41256298011342,0.0022740228734981,0.0113524546916509,"Hsd17b1"
"ENSMUSG00000045215",35.3793367238702,1.10002132981938,0.975370633362299,0.00232239179685947,0.0115546345274331,"Asxl3"
"ENSMUSG00000070388",8.41342053170184,1.57514597184925,2.1828718107459,0.00256308958142783,0.0125481778746294,"Fbxo39"
"ENSMUSG00000074652",14.022757027013,1.5693101012879,2.30490629164875,0.00277892090928784,0.0134394919206704,"Myh7b"
"ENSMUSG00000024430",23.8367249732046,1.09542414138182,1.08827624745336,0.00278689871308912,0.0134694287116105,"Cabyr"
"ENSMUSG00000048655",10.5025523529704,1.38205050820855,1.83649165208491,0.00287060253819558,0.0137844582342199,"Ccdc169"
"ENSMUSG00000075318",55.6657035707105,1.00669000383945,0.871438480420787,0.00296412821129806,0.0141388238937317,"Scn2a1"
"ENSMUSG00000028106",68.9581363328324,1.09837244370136,1.16397817952836,0.00303895443240003,0.0144112969912968,"Rprd2"
"ENSMUSG00000031027",20.0053372468027,1.23494171459424,1.52735407337932,0.00303786746314181,0.0144112969912968,"Stk33"
"ENSMUSG00000085584",11.9222207484362,1.52442542793473,2.40842755085972,0.00310157116648122,0.0146646847175579,"Rgag1"
"ENSMUSG00000032087",9.57027928578459,1.42911281101933,2.0744349711362,0.00313304184646152,0.0147800342708885,"Dscaml1"
"ENSMUSG00000052496",10.712972334489,1.45038217890645,2.22782896517681,0.0032787819991484,0.0153505776845284,"Pkdrej"
"ENSMUSG00000039109",117.083809935212,1.4469339469404,2.22729010494089,0.0032977182157205,0.0154219536255043,"F13a1"
"ENSMUSG00000022623",28.2814988584872,1.00347153341525,0.962441900651554,0.00340061122444946,0.0158146399569973,"Shank3"
"ENSMUSG00000032089",26.4417547342605,1.41572517340076,2.17995189550895,0.0034098060956181,0.015852990008946,"Il10ra"
"ENSMUSG00000007107",4.53372722744294,1.43473145793,2.31202667107909,0.00347290283762334,0.0161015528510504,"Atp1a4"
"ENSMUSG00000026870",9.73610255864412,1.39393530332739,2.2045354506769,0.003583615683421,0.0164901640856841,"Cutal"
"ENSMUSG00000037716",5.42500641753805,1.40763272693464,2.2745773367111,0.00358975016985393,0.0165104800052115,"Ccdc33"
"ENSMUSG00000038011",4.68332645833284,1.40997892970882,2.28940847111313,0.00359185341895177,0.0165156088155048,"Dnah10"
"ENSMUSG00000035769",38.7495736279293,1.01442271021275,1.05065347659425,0.00361496414096215,0.0166081667542719,"Xylb"
"ENSMUSG00000019232",9.78118119370009,1.21315860582053,1.65530514806608,0.00365370791968259,0.0167493346597846,"Etnppl"
"ENSMUSG00000098905",9.47568415242086,1.08110041232133,1.29517381467775,0.00374110314013762,0.0170517583540388,"Zfp953"
"ENSMUSG00000004961",11.9064476978484,1.27147174262493,1.89804182085649,0.00385808010192534,0.017484802284051,"Syt5"
"ENSMUSG00000071550",9.43740702905831,1.14299752988162,1.57604112585038,0.00409595626762311,0.018329267217417,"Cfap44"
"ENSMUSG00000058046",5.14376428873967,1.26145998484016,2.0264776941828,0.00424830652168988,0.0188846263839162,"4933430I17Rik"
"ENSMUSG00000075031",6.25106892219444,1.22164640111196,2.09071421744946,0.00471200809142885,0.0205255416315199,"Hist1h2bb"
"ENSMUSG00000061462",29.7004269302879,1.0552765775021,1.59860361149648,0.00529334581883285,0.0225523787958124,"Obscn"
"ENSMUSG00000026581",8.32471508914497,1.09552923168214,1.83023483700243,0.0055195462364415,0.0233065037002877,"Sell"
"ENSMUSG00000049241",6.12332394843803,1.10625619792675,1.99002510224396,0.00573706465478342,0.0240867366591434,"Hcar1"
