logFC	AveExpr	t	P.Value	adj.P.Val	B
ENSMUSG00000020889	-3.03087550477263	7.3047585702975	-30.2427735102443	8.0981177782131e-11	1.039636360367e-06	14.7000437411741
ENSMUSG00000002289	1.74714165230375	6.99328970007284	18.74145591503	7.32739742957136e-09	4.42985667579601e-05	11.042841343789
ENSMUSG00000022425	-1.49725920543868	7.05276710345855	-18.0596966933012	1.0351744841399e-08	4.42985667579601e-05	10.7520602840046
ENSMUSG00000003038	-1.33530839930724	8.16922126709561	-16.3585195053904	2.59535878089381e-08	7.28504102958432e-05	9.86729714872896
ENSMUSG00000032291	-3.39992092876952	3.41533640412111	-16.2018362303884	2.83729592988952e-08	7.28504102958432e-05	8.82320408429987
ENSMUSG00000030074	-2.12688159674645	5.34540389383126	-14.5519607793332	7.64053413980729e-08	0.000135194691372268	8.50043771762423
ENSMUSG00000041828	1.11063985811452	7.65592619464536	13.9118484282749	1.15421362736425e-07	0.000135194691372268	8.35645030010608
ENSMUSG00000046352	-2.65600190218524	3.51022172733345	-13.8008647890411	1.2419827606255e-07	0.000135194691372268	8.22025908396615
ENSMUSG00000068747	1.34975533962557	6.33325700909204	13.6240151567597	1.39740029046965e-07	0.000135194691372268	8.19654815589764
ENSMUSG00000034648	-1.51642402927518	6.16084730430338	-13.4065268708068	1.61856088408592e-07	0.000135194691372268	8.01456763420004
ENSMUSG00000025092	1.30402858179328	6.22136258221214	13.362553656705	1.66780175742953e-07	0.000135194691372268	8.01252580113074
ENSMUSG00000006342	1.28255358884117	6.60406476944767	13.3594996780007	1.67128224801542e-07	0.000135194691372268	8.01057859724096
ENSMUSG00000027993	1.24735053473337	6.18102377863295	13.2957297417964	1.74581353373623e-07	0.000135194691372268	7.97747874067171
ENSMUSG00000058914	-2.29940545000588	8.44983568964464	-13.2677605487705	1.77964914771164e-07	0.000135194691372268	7.94107661494589
ENSMUSG00000024900	1.37285198179928	6.62290778794605	13.22501582879	1.83276065839193e-07	0.000135194691372268	7.92521409946677
ENSMUSG00000020592	-1.43100993994688	6.84906057138645	-13.1762069422829	1.89554793947719e-07	0.000135194691372268	7.89710017850569
ENSMUSG00000020218	-1.76184850342786	6.73946929522364	-13.196817581964	1.86875070607755e-07	0.000135194691372268	7.8817563347255
ENSMUSG00000066113	1.15620081734829	6.73320412822136	12.7359773146436	2.58189344881688e-07	0.000165731740479555	7.57603980250893
ENSMUSG00000018819	-1.28514809577894	6.46944454750052	-12.5667810248943	2.91494648809098e-07	0.000170100377336873	7.47143157413703
ENSMUSG00000035385	-1.79626033985725	5.48086656940379	-12.6232734333355	2.79876816575648e-07	0.000170100377336873	7.42973784968276
ENSMUSG00000039883	-2.11151096288018	6.20095952242563	-12.2410303489589	3.69736055243177e-07	0.000189866859088476	7.17846523801316
ENSMUSG00000020357	1.63829806533934	4.63528810472011	11.7673726161867	5.27823685109311e-07	0.000214536903577613	6.87637546841804
ENSMUSG00000030659	-1.34433834962215	5.52120287471759	-11.7555958699505	5.32601512355682e-07	0.000214536903577613	6.86877958445656
ENSMUSG00000030732	-1.12232771533847	5.83432461105413	-11.7684642610994	5.27383193742742e-07	0.000214536903577613	6.85771257524016
ENSMUSG00000017631	1.21703076555627	6.94024786734989	11.7503263808251	5.3475470591086e-07	0.000214536903577613	6.82397662322068
ENSMUSG00000032013	-3.87455603472474	1.04280577396044	-14.8900725859995	6.18580101956592e-08	0.000132355522481979	6.8234005291295
ENSMUSG00000027875	1.44217807275638	5.22197864090723	11.64199292261	5.81208857914145e-07	0.000216810987470459	6.74215562388977
ENSMUSG00000037138	1.23011047385006	5.75711326394448	11.4723074962736	6.63128604068301e-07	0.000230087703216996	6.65247766710188
ENSMUSG00000052296	1.96022554288493	6.29508429863573	11.4000406421572	7.01798340423075e-07	0.000237097028798722	6.59007156190854
ENSMUSG00000037820	1.2840503706757	8.3330696393947	11.5435675246963	6.2727629106438e-07	0.000223693695130125	6.58344499498443
ENSMUSG00000037318	-2.42359755212617	4.0661000432164	-12.0773894861952	4.17535095448908e-07	0.000206165982898965	6.5590058785447
ENSMUSG00000025324	1.27851601726931	5.8755435764746	11.334364474501	7.39095971361792e-07	0.000237212852008567	6.54540167238771
ENSMUSG00000024538	-1.39759231977134	7.48175959220914	-11.3481043101191	7.31116696173978e-07	0.000237212852008567	6.54230074439081
ENSMUSG00000035373	-2.14145065898707	4.24290117783836	-11.7087543505461	5.52080707159086e-07	0.000214776124803283	6.54214766941677
ENSMUSG00000059824	-4.26983276364147	3.69847452161215	-11.7733100170961	5.25432741840867e-07	0.000214536903577613	6.50815034632176
ENSMUSG00000024049	1.46232526134102	5.49322944481537	11.1594254187503	8.49498397797005e-07	0.000247860464339044	6.40923047937292
ENSMUSG00000005611	1.49286021848098	6.6670652900815	11.0157436592539	9.53765350585323e-07	0.000263880704749375	6.22362751966538
ENSMUSG00000016128	1.21860983643642	6.28434219863605	10.960964438281	9.97150095581814e-07	0.000266696102647486	6.21964543852399
ENSMUSG00000051339	1.70367763254213	4.72835944470018	10.8472292954944	1.09430869688869e-06	0.000274219713196766	6.16279592086026
ENSMUSG00000021823	1.08916683683763	8.2949780076187	10.9999352802146	9.66068945569454e-07	0.000263880704749375	6.14916164092914
ENSMUSG00000003660	1.30664310745406	6.48327636157181	10.828331417388	1.11143626152399e-06	0.000274219713196766	6.10242376614387
ENSMUSG00000035199	-1.34351235205115	6.98022707029819	-10.6764590613883	1.2602588161504e-06	0.000274223774266759	5.97443714199192
ENSMUSG00000038250	1.00272143783106	7.13453192840636	10.7256493655576	1.20979137772628e-06	0.000274223774266759	5.97260247953725
ENSMUSG00000027107	-1.55122786653969	6.70560737985042	-10.5927439831439	1.35153926972032e-06	0.000279078768629009	5.95648873393586
ENSMUSG00000032262	-2.28499596375614	2.61689755083759	-10.9219075679945	1.02940400124378e-06	0.000269703848325871	5.94673285822818
ENSMUSG00000037443	-1.87795561662589	5.34307577661266	-10.5275875519267	1.42760445088438e-06	0.000282548629738722	5.90429638383853
ENSMUSG00000034161	-1.94615289695799	6.00372089791951	-10.5251247098805	1.43057025494757e-06	0.000282548629738722	5.8976607432464
ENSMUSG00000049516	1.07465977675331	9.08515160992275	10.6919402872562	1.24413099434185e-06	0.000274223774266759	5.84662208982648
ENSMUSG00000029380	-1.06570221598674	7.29721392211992	-10.5769809287059	1.36952503689263e-06	0.000279078768629009	5.84389245273089
ENSMUSG00000025930	-1.692620414974	6.92634350641239	-10.4515586341553	1.52235098864848e-06	0.000291700626750286	5.82993062000978
ENSMUSG00000023169	-2.42608995401246	4.00468839783795	-11.0217827191994	9.49110644104023e-07	0.000263880704749375	5.81556880602992
ENSMUSG00000040152	1.33045302374909	10.6552524143609	10.6855614910747	1.25074862816919e-06	0.000274223774266759	5.78372935335248
ENSMUSG00000041347	-1.61827411936643	4.17631436574408	-10.3708657947501	1.63051133109437e-06	0.000307830948067494	5.74014306303001
ENSMUSG00000038170	1.13077729696108	6.07281817902165	10.287675290515	1.75090671531028e-06	0.000321116291587905	5.66721085765916
ENSMUSG00000038550	-1.77213752424946	2.36021749463824	-10.4713967548543	1.49698139054149e-06	0.00029118556199654	5.66502692993727
ENSMUSG00000027208	-2.14733171824158	2.2848853858922	-10.5773827916008	1.36906326142961e-06	0.000279078768629009	5.62197775084549
ENSMUSG00000032518	-1.6025762123247	5.88609132200936	-10.2030615592779	1.88343336126774e-06	0.000326750236377774	5.62012886617664
ENSMUSG00000042988	-3.28342498419565	0.613236545221712	-11.8396274806966	4.99520514162712e-07	0.000214536903577613	5.61858730999671
ENSMUSG00000037709	1.86276642089308	4.07805478786661	10.2060332268189	1.87859698777525e-06	0.000326750236377774	5.61667080753464
ENSMUSG00000047281	-7.45229256025759	1.75708410517152	-13.0188227442061	2.11466783086171e-07	0.000142884766382119	5.59328113771831
ENSMUSG00000054641	1.35241237526538	6.77410494249715	10.2887434308822	1.74930047091132e-06	0.000321116291587905	5.578878753024
ENSMUSG00000026278	-1.32277737017117	5.12113743512261	-10.0889943942065	2.07980055554637e-06	0.000344557072201327	5.51768263438491
ENSMUSG00000083405	1.92231794580844	4.49400095506391	10.0574311531786	2.13802371766846e-06	0.000344557072201327	5.49877267339919
ENSMUSG00000040433	1.06198776760826	6.40081713242251	10.1183511036196	2.02720421679399e-06	0.000342437470200017	5.48438243586312
ENSMUSG00000022324	1.1709424824536	7.47540412141832	10.2109788542549	1.87057815197707e-06	0.000326750236377774	5.47019249925354
ENSMUSG00000049517	-1.68476601850742	6.62190425506819	-10.0670396827587	2.12011244858051e-06	0.000344557072201327	5.44987184774863
ENSMUSG00000060572	-1.44964466006966	6.33834896796199	-9.96230978668031	2.32456512952479e-06	0.000355271037295705	5.4231063125546
ENSMUSG00000038602	1.03206151510171	5.1849260624419	9.99469379458688	2.25912789497553e-06	0.000349429926695131	5.40311844186325
ENSMUSG00000004508	1.54599258238374	4.56896482946603	9.8122230775798	2.65619755894514e-06	0.000383149036648739	5.28514848231104
ENSMUSG00000039523	1.07017208890277	5.98781501135268	9.81499181406059	2.64962991689705e-06	0.000383149036648739	5.23951201421343
ENSMUSG00000040952	-1.13961439282909	8.58027755861513	-9.92799579544557	2.39617586516184e-06	0.000361907126552326	5.20032452580397
ENSMUSG00000061397	-2.75008755265609	1.09794534485704	-10.78330662029	1.15344013963432e-06	0.000274219713196766	5.1655800866915
ENSMUSG00000021775	-1.06693503580847	6.87695588326676	-9.74672264846076	2.8168886041794e-06	0.000401813510005057	5.13453606420411
ENSMUSG00000054675	-1.57775600663957	5.72728263869599	-9.57981838111417	3.27659152567388e-06	0.000429677571607764	5.08820362652318
ENSMUSG00000029313	1.58581524174407	5.60604350350112	9.58572806692736	3.25897882570786e-06	0.000429677571607764	5.07116365162374
ENSMUSG00000034354	1.24094623930449	6.33357412311632	9.6472359290068	3.08169535523207e-06	0.000423427720361846	5.06577319589737
ENSMUSG00000045128	-2.34251090651723	5.91001882490759	-9.53766272756424	3.40529311537155e-06	0.000437065554050259	5.01909436038498
ENSMUSG00000059291	-1.10846507558287	6.11349741875954	-9.52706484035101	3.43851230402525e-06	0.000437065554050259	4.98787940213174
ENSMUSG00000020788	1.49295625664181	7.92199239880709	9.69961249617861	2.93903921567415e-06	0.000410123754900269	4.98351126041362
ENSMUSG00000019820	2.32329568122579	4.18058475202568	9.46142557711867	3.6523304279342e-06	0.000450852096479031	4.9799683875276
ENSMUSG00000031519	-1.07695820968755	7.83477396395869	-9.63854924559505	3.10607974605914e-06	0.000423427720361846	4.97171599966612
ENSMUSG00000073557	1.44850180312957	7.06175814065876	9.62893110585897	3.13332555182859e-06	0.000423427720361846	4.94783217722797
ENSMUSG00000058325	1.09637356366629	6.13610797611922	9.35705681863504	4.02289162354068e-06	0.000478202617250141	4.78784939627085
ENSMUSG00000021375	1.24400739330988	5.71786153752683	9.23454047696515	4.51125358207459e-06	0.000508030469181348	4.68783007276927
ENSMUSG00000027533	-1.537769768124	5.24860201691733	-9.16302879633934	4.82604132509616e-06	0.000520644693542727	4.67445697915864
ENSMUSG00000042436	-1.29879332365173	8.2149983206778	-9.27401135289782	4.34718158343333e-06	0.000501699287471254	4.66430667660456
ENSMUSG00000023232	-1.53443571671342	5.2468124738663	-9.09851528744665	5.1307201362906e-06	0.000525088163581284	4.64757949014993
ENSMUSG00000078937	2.75089329775312	3.24876478324982	9.08089033438133	5.21757323591684e-06	0.000525088163581284	4.62918200420806
ENSMUSG00000019966	1.12366645711546	6.18247384342793	9.17649902171018	4.76495632608404e-06	0.000518411095883617	4.61224186611128
ENSMUSG00000058230	1.15291664370986	5.12195318261831	9.08117892016858	5.21613824625199e-06	0.000525088163581284	4.61106846635403
ENSMUSG00000034731	1.56628330389146	4.1206524282701	9.06622699304183	5.29105799222958e-06	0.000525088163581284	4.59782952754838
ENSMUSG00000033792	1.06283945688673	5.83572667578985	9.04622656751045	5.39312037509036e-06	0.000525088163581284	4.58298949730779
ENSMUSG00000068220	-1.38542394662696	8.41185843263087	-9.22240181028094	4.56306449933507e-06	0.000509396713412728	4.54021893646537
ENSMUSG00000079523	-2.37619441102165	6.67526660604659	-9.04509794710811	5.39894357319906e-06	0.000525088163581284	4.53678518521548
ENSMUSG00000027239	-1.82328875770788	5.00988637856248	-8.97691270416802	5.7638385470307e-06	0.000528543994762715	4.52203067131658
ENSMUSG00000030098	1.00612256289574	6.92138176857937	9.13388677895852	4.96114730105122e-06	0.000525088163581284	4.48499655501542
ENSMUSG00000039959	1.65327304437816	6.43370052031273	9.01404487935362	5.56189260900042e-06	0.000528416898684236	4.47379393775653
ENSMUSG00000022801	1.15581639600041	5.75248271097454	8.95705051978455	5.87514130292354e-06	0.000534929532247748	4.45728176906608
ENSMUSG00000027996	-3.88978609001542	4.07165145376781	-9.09093334576301	5.16788744389691e-06	0.000525088163581284	4.42717243548128
ENSMUSG00000031385	1.46501189113275	5.20090501254334	8.98242710910551	5.73334762591385e-06	0.000528543994762715	4.41642318233916
ENSMUSG00000020458	-1.03781251426927	7.46457574241449	-9.01844328469166	5.5384887769679e-06	0.000528416898684236	4.40323284032392
ENSMUSG00000008683	-1.33271750304499	6.32961483921537	-8.91907707780429	6.0945342554566e-06	0.000544537545167152	4.38374818427005
ENSMUSG00000019907	1.84741599899605	5.22122232019254	8.84748491755867	6.53292986946063e-06	0.000564071637987439	4.35751458094076
ENSMUSG00000040648	1.21226455137926	4.73462438535335	8.77711458207017	6.99764868034184e-06	0.000579585895214377	4.34603293214968
ENSMUSG00000090035	1.77905368588856	4.35087641693539	8.70721704683012	7.49524409826906e-06	0.000603637429917109	4.2533737605361
ENSMUSG00000030064	1.03792639668547	6.96812758024249	8.83845211682178	6.59064851987193e-06	0.000564071637987439	4.20060020379545
ENSMUSG00000029174	1.20493258601829	6.64238629643196	8.78076108697977	6.97269951866767e-06	0.000579585895214377	4.19314047902387
ENSMUSG00000006058	-1.12372125994543	5.03237140019336	-8.66445407569162	7.81865624769065e-06	0.000611219451615551	4.19034071605869
ENSMUSG00000033306	1.09770137145565	7.23071157767241	8.78765453496964	6.9258001813164e-06	0.000579585895214377	4.14488082945458
ENSMUSG00000000538	1.00840196726268	6.98824754024102	8.78907631247602	6.91617012145948e-06	0.000579585895214377	4.13925578103796
ENSMUSG00000042129	2.48521490918269	2.37126558665642	8.72937609927375	7.33343138805285e-06	0.000595864507340649	4.1254769123519
ENSMUSG00000060548	-1.12741479388319	4.47289577512572	-8.52162452838076	9.01436087461718e-06	0.000650148117462558	4.09888774566551
ENSMUSG00000053469	3.74084510836537	2.48799134806315	9.04748568091061	5.38663199404848e-06	0.000525088163581284	4.09776941528501
ENSMUSG00000037805	-1.17749372153472	6.04208282723918	-8.58379669567348	8.47096302429004e-06	0.000621429847461917	4.05650070897358
ENSMUSG00000020814	-1.02092335210802	6.94163916950664	-8.64914132040053	7.93814765098917e-06	0.000612767067777688	4.05325448191539
ENSMUSG00000027716	1.19575634050918	6.29372361352717	8.60164720906806	8.32163524441668e-06	0.000618908919629891	4.00490997534131
ENSMUSG00000024048	-1.32055611606977	7.73526093233425	-8.62665134894982	8.11727849254953e-06	0.000612997772278534	3.97205142353393
ENSMUSG00000000567	-1.0596581009167	6.1689475078225	-8.43768501727878	9.80931105432823e-06	0.000688152651997081	3.95278070346663
ENSMUSG00000074129	-1.59587323893834	6.08789220971892	-8.48307030638937	9.37039143742275e-06	0.000668317140409074	3.94969925268692
ENSMUSG00000036777	-2.13591915364021	3.90404871207802	-8.66289406829807	7.83073921174624e-06	0.000611219451615551	3.94667072240674
ENSMUSG00000027784	1.0068951300727	6.63932239110138	8.59362449490827	8.38839009312985e-06	0.000618908919629891	3.94113060192693
ENSMUSG00000027177	1.0106505135828	8.04137835399351	8.63735611413517	8.03147108725889e-06	0.000612767067777688	3.93979064299078
ENSMUSG00000025213	-1.55121626517996	3.52971745309957	-8.39015685827809	1.029314689783e-05	0.000718170760186637	3.92978607806217
ENSMUSG00000042607	1.45790163520675	4.73682692478348	8.37310215993354	1.0473067215425e-05	0.000726485051424766	3.92861813037369
ENSMUSG00000021994	-3.24896906814473	2.99080466524647	-8.61760389437941	8.19058251338426e-06	0.00061491636436741	3.89726834631551
ENSMUSG00000045573	1.36302697867014	3.96049013805568	8.31156663608032	1.11513554958161e-05	0.000731016806651995	3.889587549569
ENSMUSG00000051910	1.53770840430344	3.20629493517637	8.30578541773533	1.12175035761367e-05	0.000731016806651995	3.87759023467211
ENSMUSG00000073700	1.19508266160754	8.86530436532724	8.63297201453499	8.06649279127818e-06	0.000612767067777688	3.87477321778803
ENSMUSG00000049641	-1.41762656485044	4.91104427548283	-8.29146299037434	1.13832317805692e-05	0.000738070351509835	3.86662130102474
ENSMUSG00000021273	-1.10610549148391	4.56551685908003	-8.33100499034436	1.09320482056033e-05	0.000730966848247576	3.85367972671638
ENSMUSG00000030306	2.1241836767004	3.13923173826969	8.35307868968763	1.06887017935181e-05	0.000729901880985026	3.83630962386106
ENSMUSG00000001131	-1.70279731598975	5.08023145227183	-8.24048015184698	1.19952136270531e-05	0.000758593854897085	3.80903009410749
ENSMUSG00000001403	-2.48644393654861	4.00930106903612	-8.45806898590836	9.60946141395729e-06	0.000677836624353757	3.76045994921634
ENSMUSG00000028583	-1.03580757716981	4.91837089316154	-8.16601760490346	1.29545159410277e-05	0.00077134994785772	3.73273750248912
ENSMUSG00000096951	-1.03580757716981	4.91837089316154	-8.16601760490346	1.29545159410277e-05	0.00077134994785772	3.73273750248912
ENSMUSG00000025241	1.3333078312468	6.21437789172993	8.32327998186642	1.10186342919805e-05	0.000731016806651995	3.72838728631848
ENSMUSG00000037486	1.07186590995017	4.93263748890542	8.17254630670195	1.28671447998337e-05	0.00077134994785772	3.71567129037382
ENSMUSG00000033453	1.41613387577183	4.9464203018126	8.18364619857611	1.27200715713087e-05	0.00077134994785772	3.71414098507889
ENSMUSG00000001025	-1.47257102629401	6.81312371650697	-8.33564315080787	1.0880418270997e-05	0.000730966848247576	3.70964197790088
ENSMUSG00000030084	1.19102578953607	5.36966542356885	8.17430916236478	1.28436635776526e-05	0.00077134994785772	3.70788777259074
ENSMUSG00000022510	-1.97691672619537	2.69786711112336	-8.2658766571203	1.16859894560087e-05	0.000751417326855188	3.69045735925159
ENSMUSG00000039470	1.58749683247213	3.14846293897245	8.14257033297371	1.32736801639312e-05	0.00077134994785772	3.68031928399446
ENSMUSG00000026077	3.02962835471396	3.95885186506659	8.21627747353318	1.2298229186198e-05	0.00077134994785772	3.66947120216855
ENSMUSG00000031273	1.71441825145364	2.3810686725505	8.17196591071497	1.28748859172103e-05	0.00077134994785772	3.65809230451349
ENSMUSG00000020649	-1.63597240310858	5.59297382456991	-8.06001188421013	1.44676122100474e-05	0.000800582782554258	3.63113659643655
ENSMUSG00000050315	1.16670852463207	6.40227000675682	8.26419921047385	1.17061431197256e-05	0.000751417326855188	3.62577580478505
ENSMUSG00000024378	-1.24336751043034	3.7225717195376	-8.04855711586504	1.46423240389728e-05	0.000801829545063409	3.62175911788167
ENSMUSG00000032218	-2.11096661118709	3.53332566779471	-8.31358349560709	1.11283790964865e-05	0.000731016806651995	3.61121478530306
ENSMUSG00000024678	-1.30026825390287	3.61661626431568	-8.04362334943222	1.47182834639788e-05	0.000801829545063409	3.60091570049423
ENSMUSG00000043940	1.65621690527523	5.97644634474611	8.11577211440798	1.3649003024919e-05	0.000782258485865671	3.5818639787479
ENSMUSG00000071856	1.56077216230123	3.43404349585747	8.04699363234042	1.46663487751702e-05	0.000801829545063409	3.56041589085382
ENSMUSG00000005952	1.28385136695207	5.72015935990965	8.16861772882162	1.29196421326819e-05	0.00077134994785772	3.55733961372708
ENSMUSG00000079020	1.21417659100244	5.70975519357744	8.09057929200673	1.40124212830412e-05	0.000788997651016152	3.52147323634326
ENSMUSG00000022676	-1.47966930668351	4.63491752789758	-7.9303332543605	1.65862828907892e-05	0.000837910487817378	3.50438847849462
ENSMUSG00000047675	-1.07372436825048	7.06700696557188	-8.13879732077872	1.33258351790143e-05	0.00077134994785772	3.49937520160333
ENSMUSG00000025511	-1.06671055355662	6.590148558625	-8.14649701565287	1.32196373674859e-05	0.00077134994785772	3.49317630033881
ENSMUSG00000063511	-1.06960591516119	5.52783441847374	-7.97244322743068	1.5863358012472e-05	0.000831239959853535	3.48930191947052
ENSMUSG00000022840	1.12128048564377	5.93961798967571	8.09160728217028	1.39973871689052e-05	0.000788997651016152	3.44412822372079
ENSMUSG00000062997	-1.51331234464573	7.3311795566651	-8.1068500534618	1.37765181372861e-05	0.00078384677279453	3.44384736867575
ENSMUSG00000036270	1.00312476971605	6.82582728984484	8.07176028824766	1.42907812986014e-05	0.000797674131788888	3.44079556892584
ENSMUSG00000051118	-2.011383455304	2.66236292895912	-7.91559962672291	1.6847644576794e-05	0.000843276596402313	3.40151676160567
ENSMUSG00000022371	-2.00982747246114	4.44482052703276	-7.88963043141104	1.73193164798505e-05	0.000851898026698547	3.40149831641181
ENSMUSG00000031962	-1.1628986166745	7.57889710969997	-8.04221965695098	1.47399729424338e-05	0.000801829545063409	3.39653360417862
ENSMUSG00000070738	1.12569562139107	6.04502359116583	7.98484962491292	1.5656978556443e-05	0.000827178151060144	3.38528617832585
ENSMUSG00000029708	1.37331031082629	7.39528975894585	8.0662610898136	1.43732570988653e-05	0.000798804652100573	3.36576764847393
ENSMUSG00000022893	1.07312367269931	10.9935962621084	8.24156051237268	1.19818789464111e-05	0.000758593854897085	3.36432226934053
ENSMUSG00000024251	1.84641868285138	2.66704929083846	7.90279955253004	1.70783544995016e-05	0.000843276596402313	3.35288241580236
ENSMUSG00000033396	1.50977915905894	4.05655004091231	7.78149853942347	1.9443998595776e-05	0.00090871198164965	3.34974715482129
ENSMUSG00000073940	-2.61427737304494	4.91881031767621	-7.84284213336735	1.82058734166329e-05	0.000878932506463118	3.34940688087983
ENSMUSG00000032289	1.61376284452585	6.04731688474675	7.94339192150564	1.63583269748244e-05	0.000837910487817378	3.34306875319249
ENSMUSG00000030717	-1.03029603036952	6.72270231590291	-7.99448342221308	1.54987408866883e-05	0.000823353245519372	3.33820616653024
ENSMUSG00000032198	2.05997809061393	4.06333808991348	7.72696226091231	2.06220380532166e-05	0.000948909406907507	3.29326230624075
ENSMUSG00000001506	-1.58948079225389	13.2607241967515	-8.20755286892991	1.24095009252385e-05	0.00077134994785772	3.28404556651948
ENSMUSG00000040212	-1.1009787633542	6.4262640230607	-7.86503219341006	1.77793919478201e-05	0.000867877695156327	3.24237380373333
ENSMUSG00000017716	-2.59639476598233	3.01771679021737	-8.13788340737714	1.3338501980403e-05	0.00077134994785772	3.23885833103596
ENSMUSG00000043456	1.07139240299293	4.66738815631527	7.76812298638365	1.97259758921581e-05	0.00091423133033764	3.2210372947066
ENSMUSG00000027933	1.00964704929715	4.54034753777423	7.67746130314738	2.17588679194977e-05	0.000980445635863218	3.21490691404522
ENSMUSG00000030432	-1.04532414239951	5.97212084472501	-7.79399192243447	1.91845834851054e-05	0.000905485999871159	3.20023758852637
ENSMUSG00000060636	-1.13300401410079	6.33035199335937	-7.79057506947957	1.9255154850041e-05	0.000905485999871159	3.17718957646927
ENSMUSG00000054717	-1.05479465120178	5.68049330275106	-7.70801756191663	2.10492863708349e-05	0.000956381743556663	3.14500124611897
ENSMUSG00000078886	-2.51658043596477	1.66114083738785	-7.90375096091184	1.70610882354098e-05	0.000843276596402313	3.13227256673398
ENSMUSG00000069515	1.14884185895759	3.53788959675357	7.66126495678803	2.21455169821176e-05	0.000987167177140365	3.12846923295668
ENSMUSG00000020196	1.07535829141006	5.41449465133507	7.67717585959856	2.1765618182039e-05	0.000980445635863218	3.10092895017191
ENSMUSG00000027985	-2.79594409722068	1.11121368852357	-7.8559329351021	1.7952943006205e-05	0.00087302985724871	3.09698430095215
ENSMUSG00000036745	1.08718329051185	4.57548604538839	7.60422885162377	2.35678694960041e-05	0.00100186857148907	3.09354791082578
ENSMUSG00000028234	-1.27014834132485	6.39378332799469	-7.71453794567399	2.09011572434578e-05	0.000956314112339273	3.08747457677218
ENSMUSG00000023977	1.10552262274862	5.15158919262728	7.60451426039253	2.35605090091236e-05	0.00100186857148907	3.08427148314843
ENSMUSG00000018604	1.72706051223977	5.7132961367959	7.6666185863895	2.20168899292913e-05	0.000984853076349274	3.07192341641718
ENSMUSG00000039232	-1.05714838885092	5.30955153214955	-7.55092777377013	2.4987397903239e-05	0.00101420481756868	3.04400016769234
ENSMUSG00000061048	-3.14073997599984	1.67985737769274	-7.80631315606562	1.89324336745036e-05	0.000903548637595824	3.03490002166342
ENSMUSG00000067288	-1.40065079895534	5.75834051393069	-7.59335623544632	2.38501402249668e-05	0.00100389541051844	3.03293051988846
ENSMUSG00000071415	-1.11859983225021	6.58139725742891	-7.6538351058564	2.23253861109524e-05	0.000988321747904851	2.99429567052667
ENSMUSG00000079641	-1.33583202682005	5.37725992212419	-7.51457392394609	2.6008886821292e-05	0.00104019342371261	2.99012413829853
ENSMUSG00000032548	1.7887200908841	4.77267895681519	7.55000684287397	2.5012728537493e-05	0.00101420481756868	2.98379845170492
ENSMUSG00000069919	-2.69643711281174	6.20636129367495	-7.59596833190841	2.37819914781182e-05	0.00100389541051844	2.95784700339967
ENSMUSG00000042046	1.23667568659251	5.32403912633512	7.48149664092196	2.69779058252694e-05	0.00106239986191659	2.94225445643809
ENSMUSG00000061477	-1.17789643689151	6.68957423798799	-7.60964764176934	2.34285494401679e-05	0.00100186857148907	2.9413110101888
ENSMUSG00000019731	1.0482240567344	6.36279434086523	7.58303299646237	2.41215591470444e-05	0.00101200188343058	2.9240398587617
ENSMUSG00000040204	-3.12408229643619	3.05678001958899	-7.79282980602316	1.92085540418757e-05	0.000905485999871159	2.90153723145232
ENSMUSG00000034055	1.17162296658745	4.94699866479274	7.44012932833516	2.82454935205004e-05	0.00108893587332187	2.89634852656207
ENSMUSG00000020953	-1.38720738071954	5.04549904283069	-7.5158481995425	2.5972322307783e-05	0.00104019342371261	2.89447159723627
ENSMUSG00000024978	2.86417068661384	3.0705075225867	7.4960938924173	2.65455085096951e-05	0.00105508123296429	2.89090028136324
ENSMUSG00000015750	1.13458487186308	3.89434190539378	7.35115013048749	3.11973726344311e-05	0.00116100877873557	2.88945297063
ENSMUSG00000041431	-2.04586572819258	3.97071021593531	-7.36927703738207	3.05698145214253e-05	0.00115089524582422	2.84445957404218
ENSMUSG00000047786	-1.64671122577848	4.54241196276982	-7.30021216657473	3.30371496645393e-05	0.00119921861880752	2.83748963671637
ENSMUSG00000040506	1.09117286063951	4.75897528391831	7.33880477020925	3.16327918834091e-05	0.00116100877873557	2.82896996881444
ENSMUSG00000050505	1.1912783772909	3.642039243089	7.33465697917125	3.17805646108101e-05	0.00116238999565123	2.82774295268624
ENSMUSG00000024201	1.03353400700796	5.84571991642322	7.44702255162587	2.80298436015703e-05	0.00108387690408723	2.8226234310546
ENSMUSG00000094777	-2.94977786919333	3.98702376405873	-7.44776196608927	2.80068181700384e-05	0.00108387690408723	2.82234610546797
ENSMUSG00000022483	-1.43329234307177	4.28047107343566	-7.28723310484793	3.35245781036482e-05	0.00119921861880752	2.81155291843061
ENSMUSG00000024521	-1.26322720302043	4.57982363735892	-7.27241725224268	3.40905709840703e-05	0.00120566046912808	2.80530430897826
ENSMUSG00000028150	2.26269005346748	1.11598041536841	7.51747893913238	2.59256109226778e-05	0.00104019342371261	2.79707586300171
ENSMUSG00000025574	-2.03720206706355	2.66503235314366	-7.56045841454778	2.47268876074151e-05	0.00101420481756868	2.78740298276373
ENSMUSG00000056851	-2.9816851456079	2.92074788185456	-7.3720707956322	3.04743218366843e-05	0.00115067454040986	2.78384208585992
ENSMUSG00000020583	-1.44190972589765	4.1394273534169	-7.24766798893074	3.50593629905967e-05	0.00122532369260779	2.77908560381806
ENSMUSG00000079435	-1.05777155176229	5.3451298432686	-7.34633550685778	3.13664030349763e-05	0.00116100877873557	2.77846590393393
ENSMUSG00000025140	-2.37888438518551	3.8981981453565	-7.34989201380834	3.12414463447848e-05	0.00116100877873557	2.77364477152378
ENSMUSG00000048232	1.08072845441716	4.89530077079897	7.27252129759903	3.40865601988631e-05	0.00120566046912808	2.76949961286924
ENSMUSG00000041528	1.07934392725596	5.95575311991783	7.39733960082787	2.96252154973148e-05	0.00112857126574044	2.7269053041492
ENSMUSG00000104063	1.23017677701331	3.24614281048735	7.18747932605931	3.75427070488407e-05	0.00127169729048289	2.71324326298948
ENSMUSG00000037415	1.0723357430657	4.64681772847772	7.22627184451989	3.59210611243217e-05	0.00123633936384462	2.71303586168529
ENSMUSG00000024163	1.38290290692705	5.42128656678907	7.31883445501286	3.23512082568372e-05	0.00117990003295817	2.71272526081832
ENSMUSG00000004677	1.31797033142767	5.1588338761114	7.29253479370697	3.33245343957578e-05	0.00119921861880752	2.70996500706898
ENSMUSG00000027678	1.19103120976782	5.41066086325515	7.33825414441156	3.16523658324856e-05	0.00116100877873557	2.70612664973578
ENSMUSG00000017724	-1.89124336295392	2.70847265543068	-7.21409041669856	3.64219212955196e-05	0.00124689233491168	2.70344982775073
ENSMUSG00000002831	1.38896381730651	3.95033579664733	7.23926347844437	3.53951308810753e-05	0.00123144360501692	2.69475507548332
ENSMUSG00000052934	1.10617986824072	5.67844930801978	7.33915807522246	3.16202393400321e-05	0.00116100877873557	2.68162132032407
ENSMUSG00000046330	-1.33054153546223	6.78927534325484	-7.3908751742675	2.98399600653334e-05	0.00113338877904956	2.65630830156018
ENSMUSG00000039787	-1.3448277255269	4.95597270663478	-7.12919817940415	4.01306234472571e-05	0.00131438970030823	2.64188076405247
ENSMUSG00000007817	1.54467692300477	5.57799074434486	7.28908917157572	3.34543966178124e-05	0.00119921861880752	2.63617278635769
ENSMUSG00000045790	1.13177835329074	5.08264839418381	7.24604875481128	3.51237824333748e-05	0.00122532369260779	2.6292761203489
ENSMUSG00000058558	-1.14480441212641	6.35288018130766	-7.29085232606813	3.33878763495052e-05	0.00119921861880752	2.62759076508916
ENSMUSG00000031239	-1.00636631672296	9.56582096888029	-7.46799834215152	2.73845812624144e-05	0.0010653431946875	2.61296032962651
ENSMUSG00000027715	-1.64271868820983	4.03181798455742	-7.16563154526486	3.84909293291344e-05	0.0012768644721639	2.61118207571732
ENSMUSG00000025290	-1.04660370403706	5.3400770217324	-7.18237717839766	3.77618509312221e-05	0.00127241096623589	2.5980057284192
ENSMUSG00000044447	1.36770831505685	3.20242114387258	7.07600315413242	4.26626295628053e-05	0.00136584248959425	2.58103388847665
ENSMUSG00000019880	-2.36743668059999	1.55744031122797	-7.0957878293296	4.17011779953187e-05	0.001348513156433	2.56179978668982
ENSMUSG00000023505	-2.7595093502804	2.91494971010013	-7.35717719278319	3.09871720530496e-05	0.001159805582557	2.53223597032296
ENSMUSG00000031230	-2.60862359564413	1.45401899617344	-7.60447217930517	2.35615940927028e-05	0.00100186857148907	2.52504213798101
ENSMUSG00000073403	-2.07039448403692	2.80824717428279	-7.01342616428169	4.5865690330999e-05	0.00141777217633659	2.51251666561155
ENSMUSG00000053965	1.38165816261375	3.66319055411319	7.02511456302421	4.52480997653971e-05	0.00141320871896975	2.51244100892589
ENSMUSG00000034892	-1.43552279636677	6.06027944480038	-7.16928241068008	3.83306812369084e-05	0.00127484270911769	2.49788572030167
ENSMUSG00000034235	1.1974925213028	4.54326077070216	7.05423830989562	4.37482242118672e-05	0.00138645047843123	2.48973068549781
ENSMUSG00000038244	1.23167083204011	6.42420551202716	7.23043640287051	3.57515507010714e-05	0.00123633936384462	2.47244906995668
ENSMUSG00000024451	1.98005024149872	1.78704698218352	7.05017301087036	4.39543032186876e-05	0.00138645047843123	2.45280178230912
ENSMUSG00000079243	1.38185111871819	6.62109549930778	7.19009310852964	3.74309777763786e-05	0.00127126691188664	2.38710039139875
ENSMUSG00000057722	1.16307384297016	5.42179925580972	7.12912403815533	4.0134036650633e-05	0.00131438970030823	2.37556330781668
ENSMUSG00000025362	-1.48124237772939	5.27994175587128	-6.98289355544587	4.75226126698287e-05	0.00143551835636532	2.37457143299902
ENSMUSG00000022464	-2.7051175560132	3.35744823475968	-7.09826350939746	4.15825381583025e-05	0.001348513156433	2.35772874132327
ENSMUSG00000041261	-1.84835725364898	1.76972844140672	-7.03780379828794	4.4587842126175e-05	0.0014029870519996	2.35339714042258
ENSMUSG00000035948	1.4339311322275	3.18177958483832	6.85510588850319	5.51979970369378e-05	0.00157026149801698	2.33762413555247
ENSMUSG00000022479	-5.48762393840478	2.27501529912876	-7.05041103799419	4.39422080610922e-05	0.00138645047843123	2.33567010525757
ENSMUSG00000014303	-1.11368752915925	4.5906566922512	-6.89724185945697	5.25279093410831e-05	0.00152402586466943	2.3351217008492
ENSMUSG00000025812	1.04482670477073	6.24747319180607	7.05234767512466	4.38439337439287e-05	0.00138645047843123	2.31928498766779
ENSMUSG00000029177	-1.74906656836776	3.66220350828445	-6.8481517564385	5.56526703223031e-05	0.00157026149801698	2.31209554231223
ENSMUSG00000003226	1.11994727906937	7.13947655984037	7.13805801078481	3.97250112562275e-05	0.00130766588335243	2.31014829174366
ENSMUSG00000029304	-1.18724679067671	6.40423888237897	-6.99516987468585	4.68487190429345e-05	0.00141849965819149	2.30300327833
ENSMUSG00000037999	1.10379316003848	4.72752402109751	6.9500520599352	4.93777392452612e-05	0.00147412590327372	2.28449846763928
ENSMUSG00000020576	1.1877966526577	4.20671723043193	6.83362203166036	5.6615829814242e-05	0.00159044644016464	2.26596646705798
ENSMUSG00000004473	-1.10505517767883	5.80364461850653	-6.89624460664646	5.25894577074743e-05	0.00152402586466943	2.26153711346901
ENSMUSG00000041949	1.4409785713654	3.72932236018156	6.7901904825267	5.96043904410378e-05	0.00162337326883352	2.25814912768633
ENSMUSG00000041841	-1.45334382760714	5.94015029067062	-6.964599970219	4.85464370413217e-05	0.00146055925346214	2.25374154653257
ENSMUSG00000036568	1.33122749258075	4.07721713750056	6.79442111845275	5.93058804874521e-05	0.00162337326883352	2.23469279502439
ENSMUSG00000026822	1.57159874782636	2.34038979266371	6.75778255815929	6.19459055554776e-05	0.00166444912609616	2.23154005745265
ENSMUSG00000046364	-1.04912345421553	5.97211767120526	-6.94324291347255	4.97721323778492e-05	0.00147412590327372	2.22135247750817
ENSMUSG00000034126	1.46591432803235	3.81287481097096	6.75451248802926	6.21876612873841e-05	0.00166444912609616	2.22075944982726
ENSMUSG00000025794	-1.23995114747207	7.2984165573956	-7.05106860815497	4.39088129573893e-05	0.00138645047843123	2.21506336732997
ENSMUSG00000029587	1.18023806735683	4.01481152313959	6.75391302162971	6.22320907093127e-05	0.00166444912609616	2.19998051190489
ENSMUSG00000034310	1.53822459480591	2.5145911718806	6.72043027227232	6.47692133326241e-05	0.00169528071770115	2.18871403183813
ENSMUSG00000031314	1.02336740943525	5.90236035712564	6.92285141261988	5.09738421291582e-05	0.00149406891610533	2.17078292586927
ENSMUSG00000020018	-1.06027444711584	4.84598619699131	-6.7773562995707	6.0519982852832e-05	0.00163914670857523	2.16619730328961
ENSMUSG00000040697	1.63308679959152	2.47026618774715	6.71476150214761	6.52097638794881e-05	0.00169528071770115	2.14515200095674
ENSMUSG00000026924	1.51896362569269	5.06581261421377	6.77997661047924	6.03318164039172e-05	0.00163750498730125	2.13697717442555
ENSMUSG00000041782	-2.44980865795995	0.314571544283502	-6.96201741986905	4.86928930115125e-05	0.00146055925346214	2.1198700030521
ENSMUSG00000026100	-4.32695475218648	2.38015560676385	-6.8513521627189	5.5442919031775e-05	0.00157026149801698	2.10350865631143
ENSMUSG00000032911	1.28195214174348	7.11002971256689	6.9997217359347	4.66014950434791e-05	0.00141777217633659	2.07711406575798
ENSMUSG00000037601	-1.11515516358477	6.17429070467497	-6.80085048261802	5.885533311939e-05	0.00162337326883352	2.06646507572548
ENSMUSG00000038718	1.43694505274625	3.32602433251354	6.61043239775465	7.39264305552019e-05	0.00183899588435086	2.06157631524255
ENSMUSG00000048327	-1.65852554145405	3.14800203992269	-6.70914234981564	6.56496693712249e-05	0.00169528071770115	2.04721984115978
ENSMUSG00000090958	1.28799198262592	7.22833850743597	6.95270211707865	4.92251640024692e-05	0.001473083112969	2.0458320929865
ENSMUSG00000033365	1.04409726890616	5.91197693005456	6.7959073361039	5.92013998199415e-05	0.00162337326883352	2.03511932706356
ENSMUSG00000025266	1.26294745397974	5.11738793446245	6.71271353943711	6.53697207634774e-05	0.00169528071770115	2.03317623034569
ENSMUSG00000021792	-1.0562277575663	3.80799264159086	-6.64670464950707	7.07603994116628e-05	0.00178471907199789	2.01222850747729
ENSMUSG00000035181	1.18330718074949	4.18250998648825	6.60268718862374	7.46221857885789e-05	0.00184585668815756	2.01008619843957
ENSMUSG00000029061	-1.25717517177909	4.58157795340118	-6.59202961327822	7.55911945207054e-05	0.00185224328515005	2.00665328098132
ENSMUSG00000078684	1.26539538276694	3.77364244735844	6.57556795767244	7.71148425244966e-05	0.00187500065971494	2.00152197663762
ENSMUSG00000034525	1.4364632563844	4.2083565028384	6.59041861198215	7.5738853603036e-05	0.00185224328515005	1.99754857820514
ENSMUSG00000040310	-2.1472206842083	1.23525881564059	-6.70771676696041	6.57617851234752e-05	0.00169528071770115	1.98877313127925
ENSMUSG00000005534	1.07040178726311	3.23796605240748	6.55525851530311	7.90406826734876e-05	0.00190023274187684	1.98441568390839
ENSMUSG00000034903	1.00983719428963	6.9318352143692	6.86819912268881	5.43528473647539e-05	0.00156453330598366	1.96788139164698
ENSMUSG00000035969	1.31896697903453	5.81645051242865	6.7913083213102	5.95253584896168e-05	0.00162337326883352	1.96587489852269
ENSMUSG00000041741	1.07888017035552	7.07168580232372	6.87160453791991	5.4135342674769e-05	0.00156177422305322	1.95630002213952
ENSMUSG00000040537	1.1338244571675	4.46309181561703	6.61508040493552	7.3512278479275e-05	0.00183252549731443	1.95240912346312
ENSMUSG00000041341	1.39636858857827	4.15187464168304	6.54087608433955	8.04360130308291e-05	0.00192297492605174	1.9511794102541
ENSMUSG00000029720	1.16491994676562	5.24789250127257	6.67677663401038	6.82469967396839e-05	0.00174532857399215	1.94982910717253
ENSMUSG00000039481	-1.72031840416736	1.62127935902644	-6.57837076422438	7.68530869934155e-05	0.0018721820319193	1.94282483219567
ENSMUSG00000034850	1.00366843368633	5.89863174129962	6.7171365452085	6.50247919897406e-05	0.00169528071770115	1.93843245765491
ENSMUSG00000021643	-1.4298069856091	3.37402651677947	-6.5088902397577	8.36358498523767e-05	0.00198102774982438	1.93315455676776
ENSMUSG00000002032	2.2131795719077	1.55932722462509	6.6892173498428	6.7235677472915e-05	0.00172289745987482	1.92334545722712
ENSMUSG00000041797	1.1011235304112	5.52786830150815	6.62778778189297	7.23928014031741e-05	0.00181874517497837	1.90007880938612
ENSMUSG00000070436	-1.13195882424245	8.3829020593317	-6.84821155887106	5.56487430422319e-05	0.00157026149801698	1.89525840742123
ENSMUSG00000039414	1.94902648083434	3.91185392086336	6.48334532218347	8.62904700336537e-05	0.00201417646234917	1.88294784180898
ENSMUSG00000057863	-1.01215084061566	6.09473338581295	-6.67492374625736	6.83990268979535e-05	0.00174573898074737	1.86499911268348
ENSMUSG00000027015	-1.5649359534989	3.25935475595692	-6.4525841518901	8.96089862897647e-05	0.00205895653410595	1.86219542236195
ENSMUSG00000029683	-2.8248784519352	1.71671044942094	-6.87313566325498	5.40378575343005e-05	0.00156177422305322	1.85160332069559
ENSMUSG00000019984	1.37353512039718	3.98041825109648	6.44366881160454	9.0596435276557e-05	0.00206585619197236	1.83644462118938
ENSMUSG00000002343	1.56663544312073	3.29745576694279	6.41895132868467	9.33962906520513e-05	0.00209639407001896	1.83289464951473
ENSMUSG00000021032	2.54797789175832	0.0135393629369399	6.85243312983367	5.53722676420694e-05	0.00157026149801698	1.82153146968701
ENSMUSG00000064368	-1.06607972491441	6.34843486352497	-6.72702517988857	6.42607481449481e-05	0.00169053173091156	1.79536647888097
ENSMUSG00000020741	1.3456439443084	6.48154384892719	6.62391855220474	7.27316967802985e-05	0.00182013552293464	1.77151670425895
ENSMUSG00000048218	1.05432947384738	5.03330953472184	6.55198911960462	7.93555466950494e-05	0.00190124358214413	1.76160868752645
ENSMUSG00000047139	-1.16309096859956	3.82833691220317	-6.44866214083581	9.0041937745387e-05	0.00205895653410595	1.75828099708019
ENSMUSG00000039452	-1.49185441327079	3.9636990210666	-6.36118072177021	0.000100312688504028	0.0021942225767193	1.75160089687066
ENSMUSG00000102066	1.11762598396514	3.22330909820988	6.35429327498004	0.000101173591734392	0.00220177170025843	1.74095104303079
ENSMUSG00000039262	1.01067649753347	5.88148237399567	6.57123929885233	7.7520999546424e-05	0.00188131302868996	1.73837817671217
ENSMUSG00000033083	1.41992955000361	3.21965000854763	6.34048993323347	0.000102923140056927	0.00220221212008471	1.73238551360686
ENSMUSG00000026657	1.00830200253827	5.64492024326488	6.53737575817542	8.07796275962597e-05	0.00192760010981558	1.72808348548869
ENSMUSG00000045629	1.21406425282477	3.16490969615626	6.3957566890356	9.61090665882006e-05	0.0021383850898775	1.71684268639225
ENSMUSG00000030739	1.14641412799275	4.1895595078522	6.44050619846659	9.09495493229684e-05	0.00206727414174351	1.71064513725699
ENSMUSG00000028936	-1.20049655604585	5.41035118147012	-6.42329435779286	9.28976249541387e-05	0.00209639407001896	1.65698789500348
ENSMUSG00000078974	-1.01769011696234	5.84075045062641	-6.49137552175836	8.54462631596116e-05	0.00200175023073557	1.64646358547456
ENSMUSG00000028018	-2.05072893783508	0.917036847916919	-6.49139859024054	8.54438509265768e-05	0.00200175023073557	1.64383947755092
ENSMUSG00000018166	1.06386962974185	6.372897683382	6.60825560436395	7.41212592021158e-05	0.00183899588435086	1.64069745303629
ENSMUSG00000038319	1.10509033441558	4.98909640321165	6.44864509238685	9.00438246673539e-05	0.00205895653410595	1.62766995387101
ENSMUSG00000019932	-1.21454741105199	7.60316087456566	-6.5916957299515	7.56217715030504e-05	0.00185224328515005	1.62762396898533
ENSMUSG00000018411	1.07128876030588	3.9703596523914	6.34874019954114	0.000101873530920198	0.00220177170025843	1.61461103487245
ENSMUSG00000006649	-2.40160317529984	1.56247544055162	-6.34908738669309	0.00010182961626395	0.00220177170025843	1.60792100972072
ENSMUSG00000009394	1.81309802709817	1.83641237601109	6.32317466299988	0.00010516429164082	0.00222791039386414	1.59554135663398
ENSMUSG00000041975	1.3571965595366	2.97505590450635	6.20769862245713	0.000121531328952499	0.00240774568069781	1.58586160728971
ENSMUSG00000031328	1.51844610169585	10.6119755087823	6.75597698517458	6.20792648807482e-05	0.00166444912609616	1.58242627111887
ENSMUSG00000058427	-2.42592878731726	2.23687123267764	-6.3246098406312	0.000104976539717657	0.00222791039386414	1.58117742642418
ENSMUSG00000027650	1.23543631041576	4.0431126013559	6.25531939084651	0.000114469910942301	0.00233635090091774	1.57578299661642
ENSMUSG00000052909	-2.10172861967222	2.36635822353787	-6.19754658053971	0.000123096858051438	0.00241703765530367	1.57361962379681
ENSMUSG00000046380	2.1073610951561	1.61089608930189	6.22726682214274	0.000118574194304433	0.00237481358265259	1.53098776841177
ENSMUSG00000042453	1.20980605208251	4.90870256277848	6.39395593585594	9.63232199611549e-05	0.00213944203782233	1.51930982977021
ENSMUSG00000071341	-1.7212030642816	0.999339028764068	-6.18877855727707	0.000124466527242178	0.00242473638351302	1.51915084276845
ENSMUSG00000067219	-1.70399167643941	1.84482595864297	-6.1553876834085	0.000129835513227068	0.00246826685064073	1.51452035512848
ENSMUSG00000027524	-1.46180707341185	5.0740903892336	-6.25101073320287	0.00011509017409639	0.00234353585077766	1.50624967288757
ENSMUSG00000101439	2.91982764759704	0.262444744983308	6.44891117571667	9.00143794539229e-05	0.00205895653410595	1.49623937147571
ENSMUSG00000030303	-2.55039914262632	1.50990127445031	-6.32355868150557	0.000105114018204849	0.00222791039386414	1.49406751544333
ENSMUSG00000061603	1.1126625998457	4.19338772545924	6.20853822217976	0.000121402823607339	0.00240774568069781	1.4747782075301
ENSMUSG00000034684	1.13152882220468	4.92584272934003	6.2605947977068	0.000113715399583438	0.00232984514456245	1.46926621520038
ENSMUSG00000034607	-1.99309902031299	1.3185864453361	-6.12027505990784	0.000135752749361762	0.0025105643722614	1.43497162288907
ENSMUSG00000029009	1.36447307208913	5.95697211450851	6.36408644601833	9.99518672189815e-05	0.0021942225767193	1.42155267580403
ENSMUSG00000028246	2.19595495100971	1.28692677166865	6.22971472629055	0.000118209782694158	0.00237481358265259	1.39178933395797
ENSMUSG00000090733	-1.27264040005507	5.2224312229221	-6.19639362882528	0.000123276027907715	0.00241703765530367	1.37658780792027
ENSMUSG00000078651	2.31499220792562	0.385363205883811	6.34090464984512	0.000102870100676573	0.00220221212008471	1.37559038508398
ENSMUSG00000030433	-1.62103499289656	1.91262182546996	-6.11328148178729	0.000136965792455474	0.00251205602023389	1.37137158274472
ENSMUSG00000024983	1.0468591716794	3.66552866108137	6.05349646927112	0.000147827006522029	0.00265339848409838	1.36643678589887
ENSMUSG00000024660	-2.72529378224021	2.86683260623367	-6.14370770680952	0.000131772275870662	0.00246962405493074	1.3538020716055
ENSMUSG00000073676	-1.0256172701727	5.95669289852823	-6.258812693849	0.000113969679917839	0.00232984514456245	1.35298458126332
ENSMUSG00000052305	-2.09354193501314	6.60015546663924	-6.33427457834952	0.000103721598762476	0.00221560380185135	1.35243017606577
ENSMUSG00000019761	-1.4758371295481	2.25601513359934	-6.03849967758112	0.000150695219787245	0.00267953633189564	1.35000679864788
ENSMUSG00000031166	1.03079174966143	5.53738885688289	6.22799300862812	0.000118465962593532	0.00237481358265259	1.34676078046301
ENSMUSG00000027668	1.27531359012536	5.99003084060695	6.29091716105043	0.00010948165040324	0.00227803433447265	1.34418817871057
ENSMUSG00000021367	-1.77126293168899	1.06135469970484	-6.04992645043393	0.000148504398385502	0.00265844993078602	1.34297587955028
ENSMUSG00000045777	-1.40378520079366	2.34356307821471	-6.00838334166766	0.000156638464334474	0.00273595184370882	1.341947776938
ENSMUSG00000031697	-1.02594118243101	4.56857625656439	-6.09565582753854	0.000140075287549557	0.00254532639320089	1.34160151814021
ENSMUSG00000030166	-1.35922886752022	2.84388590292279	-5.99825668789211	0.000158693403963145	0.00276057712747813	1.33163967653961
ENSMUSG00000049404	-2.42984548204782	1.26845830216586	-6.01190429132259	0.000155930731559108	0.00273040551461669	1.32992578069579
ENSMUSG00000032698	-1.00489139744769	4.67204293560031	-6.1451631076491	0.000131529247302152	0.00246958517106654	1.32516156608946
ENSMUSG00000047821	-1.2683833212831	3.70561084587525	-6.00656209138336	0.000157005908438033	0.00273864382136884	1.32053918440265
ENSMUSG00000057278	-1.26351534817156	4.99450607261061	-6.11709190043286	0.000136303424790949	0.0025105643722614	1.31251667919955
ENSMUSG00000028347	-2.09255886740706	2.15547614239143	-6.20099711670854	0.000122562322589324	0.00241698171643893	1.30502912534423
ENSMUSG00000031075	1.05636796636741	6.50118784461446	6.29856737868986	0.00010844066031161	0.00227243974211172	1.30148933098845
ENSMUSG00000027306	-2.14201860384684	2.87938657670454	-6.02559300799646	0.00015321187056966	0.00271030426542441	1.28838709480709
ENSMUSG00000051367	-1.00841746484557	4.99288458342402	-6.04264868135246	0.000149895730583123	0.00267272415170296	1.28236333388493
ENSMUSG00000033039	1.55905314676277	4.05592314605609	5.98868009941544	0.000160663542539886	0.00277310516016452	1.27761810582519
ENSMUSG00000025027	1.05847103652534	5.55974613133845	6.10462935476136	0.000138482758367161	0.0025325379656946	1.27214237942949
ENSMUSG00000057948	-1.58449447754532	2.88172976731568	-5.96012952425762	0.000166695581095964	0.00280844864843829	1.26647242902565
ENSMUSG00000031111	2.02462057459283	1.39649324071378	5.98423342354465	0.000161587302738126	0.00277333929485571	1.26385278890134
ENSMUSG00000045466	1.1552231455415	2.82060055721294	5.94918003222106	0.000169073466706848	0.0028262567260189	1.26316155775182
ENSMUSG00000032251	-1.05530682726674	3.17522109656969	-5.95885762836943	0.000166969933229714	0.00280938401415868	1.26132639692721
ENSMUSG00000035799	-1.44014642303778	3.56117675449738	-5.95768726766781	0.000167222814834998	0.00280961537827944	1.25058407520937
ENSMUSG00000009927	-1.48793659058013	5.36717740058318	-6.13307760377561	0.000133562129792031	0.00249588154624467	1.2339762289853
ENSMUSG00000025658	1.22649526827596	2.33300768967422	5.92042057565528	0.000175495384516203	0.00288108663224937	1.22946337951858
ENSMUSG00000074364	1.11764577941122	6.43095491383221	6.27577694746567	0.0001115738620328	0.00231777547051309	1.22413676582535
ENSMUSG00000019194	-1.06890297319904	4.03118954632482	-5.9443999772328	0.000170123010992595	0.002827394033487	1.21758477056301
ENSMUSG00000072553	-1.7731059187375	0.998542781643968	-5.91294627462228	0.000177207174125732	0.00289438384405363	1.20706790142256
ENSMUSG00000021277	1.22447923746274	3.67247704110202	5.89068823605575	0.000182412460481309	0.00294530385959275	1.19754245745236
ENSMUSG00000005871	1.16374647186386	5.10632108426067	6.01614247629549	0.000155083409870641	0.00272510541782721	1.18863050333222
ENSMUSG00000048922	-2.78943883097541	1.95867431658606	-6.11224038806315	0.000137147371328852	0.00251205602023389	1.18151076243559
ENSMUSG00000038077	1.39467719425494	4.70214567370742	6.09399814078151	0.000140371637824134	0.00254532639320089	1.17249854973164
ENSMUSG00000042340	-1.31308768662563	2.58397721410691	-5.86568335714244	0.000188457763157407	0.00300176273376525	1.1645115209353
ENSMUSG00000022263	1.14149835857366	3.62971095440658	5.88908561002735	0.000182793572155921	0.00294530385959275	1.16418330047059
ENSMUSG00000022215	-1.0770917743722	3.77870987845528	-5.85730849708589	0.000190530580563325	0.00301749667769281	1.1565901387268
ENSMUSG00000037110	1.50659075141242	3.99544490255104	5.93987231464906	0.000171123630161972	0.002827394033487	1.14494476490478
ENSMUSG00000035845	1.07692818217783	2.77574115208115	5.84862496713024	0.000192705808667219	0.00302728114935979	1.14419993336006
ENSMUSG00000069917	-1.80622976451312	6.75005483844103	-6.20283187490045	0.000122279116547164	0.00241510661266536	1.14129368973463
ENSMUSG00000029337	-2.10532190616682	0.328292389894147	-5.94143109286261	0.000170778422524304	0.002827394033487	1.12022277386519
ENSMUSG00000004698	2.02155791580661	2.41660494846418	5.8248066100467	0.000198811096780839	0.00309052682484963	1.1176677237869
ENSMUSG00000047098	1.04748282127121	5.0323735515979	6.02315527083215	0.00015369228113639	0.00271030426542441	1.11236605043992
ENSMUSG00000029417	-2.63237830683845	2.95751997704585	-5.95676959629874	0.000167421386850271	0.00280961537827944	1.10644397038373
ENSMUSG00000049699	1.78344387600543	0.161503533129832	5.98051176493582	0.000162364858322179	0.00277368524822907	1.09129109424094
ENSMUSG00000038900	-1.03045949865724	5.3228646784873	-5.96727425730387	0.000165163461933378	0.00279522599789561	1.08596180740943
ENSMUSG00000028407	-1.41082432869808	3.18598035458697	-5.82719400870408	0.000198189830094644	0.00308781679460563	1.08476725261144
ENSMUSG00000033209	1.26968610213109	5.89519302493743	6.02155426486277	0.000154008680675422	0.002712158357354	1.06967994002459
ENSMUSG00000074384	2.47461536465409	0.0328510908476013	6.01403765209333	0.000155503594499003	0.00272726112865875	1.05516712903994
ENSMUSG00000102752	2.54547817376504	0.533596624122386	5.97308616693267	0.000163928373571944	0.00278914114983277	1.05448079879682
ENSMUSG00000001985	1.85331481212963	0.4732056416285	5.78965166516364	0.000208206839937572	0.003174536117718	1.05298685782964
ENSMUSG00000009739	1.0057380193957	3.66177217908284	5.84590050770659	0.000193393799683942	0.00303148913350727	1.049559512108
ENSMUSG00000102697	2.5053520288141	1.63248370204802	5.94088069644897	0.000170900227550227	0.002827394033487	1.04826595893955
ENSMUSG00000070972	-1.08866167421717	5.22505825226832	-5.91545177580396	0.000176631355242864	0.00288865393453235	1.04082177043041
ENSMUSG00000046688	-1.12823905784522	4.2774212051684	-5.87823944931929	0.000185395544014663	0.00297142071667946	1.03205277967689
ENSMUSG00000000889	2.06448071225371	2.9795665046918	5.78814911148057	0.000208618955208547	0.00317685358779162	1.02869766473699
ENSMUSG00000040612	1.60717589974406	2.69461925411021	5.75730553109157	0.000217276024696256	0.00325103683572323	1.0279048212928
ENSMUSG00000006576	1.33673674384562	6.5249896093327	6.12190356262682	0.000135471954799084	0.0025105643722614	1.0104617013957
ENSMUSG00000040229	-2.16068792578188	0.557011609724542	-5.94515654762577	0.000169956425089406	0.002827394033487	1.00715842077657
ENSMUSG00000057322	-1.15467939808885	5.43818416801905	-5.93101169010869	0.000173100280586351	0.00284905307970202	1.00299074277885
ENSMUSG00000041012	-2.13905802122842	0.530570899232428	-5.82139144319274	0.000199703473313565	0.0030943572884032	0.969080180163221
ENSMUSG00000061175	1.08018529484786	3.80675796132667	5.77968370951925	0.000210957323652352	0.00318620014241047	0.958493151083118
ENSMUSG00000025747	-1.58120517906772	4.07584640089694	-5.71469472074772	0.00022987925720092	0.00334981827916619	0.9502214480332
ENSMUSG00000027878	1.16094165117937	5.16671885604691	5.9025052220465	0.000179628673716118	0.00291907963692091	0.947407344996907
ENSMUSG00000028860	-1.83116154835191	0.491003168544256	-5.77356864696506	0.000212664050164225	0.00320068121454669	0.946764443677651
ENSMUSG00000029570	-1.61699519398554	1.21403636263412	-5.6972000485125	0.000235280090754113	0.00339766682238617	0.899676946289333
ENSMUSG00000039298	-1.4118364372132	5.33570130309521	-5.85013921580172	0.000192324567279425	0.00302728114935979	0.898137813361468
ENSMUSG00000020216	-1.7644138064145	3.82506811267844	-5.6410048910117	0.000253574080060899	0.00355391270722906	0.882039238796791
ENSMUSG00000059408	1.01467874847488	2.79061086595087	5.65402844744981	0.000249201902067101	0.00353144588816683	0.874900583290537
ENSMUSG00000001493	-1.05606710010671	4.21093328619789	-5.77111432408493	0.000213353240495707	0.00320729379564857	0.873561854681719
ENSMUSG00000037725	-1.65044352756542	3.34655605878435	-5.65698260225656	0.000248221500987243	0.00353144588816683	0.873498980114539
ENSMUSG00000028468	1.98905119662264	1.3735174287077	5.65886837098776	0.000247597841459115	0.00353144588816683	0.862827722608166
ENSMUSG00000067038	-1.91402175419695	2.97042106192665	-5.62053199866362	0.000260615070687423	0.00362606548418228	0.861513699821094
ENSMUSG00000080268	1.37134518829605	2.61000111396846	5.62029052423647	0.000260699364534993	0.00362606548418228	0.857650576973812
ENSMUSG00000056900	1.87030502230184	3.13526088660864	5.60095692184779	0.000267544603566999	0.00367826852402485	0.834815342647804
ENSMUSG00000038155	-1.34553630176573	3.18921536752655	-5.59664683814377	0.000269096870126563	0.00368301238665759	0.831325708970939
ENSMUSG00000097808	-1.34553630176573	3.18921536752655	-5.59664683814377	0.000269096870126563	0.00368301238665759	0.831325708970939
ENSMUSG00000029804	1.12047608915303	4.38773857779711	5.74796750062481	0.00021997281519652	0.00326602374196894	0.822293450416872
ENSMUSG00000032850	1.38220809794012	2.70174410403358	5.60631401504577	0.000265628690603291	0.00366287983884538	0.817832481658153
ENSMUSG00000040102	1.29665021244199	3.91990064724448	5.66593902420689	0.000245274436389066	0.00351575431036786	0.813600768252507
ENSMUSG00000045980	1.12543701595241	4.14597493008727	5.65703101881313	0.000248205467553812	0.00353144588816683	0.806091672473612
ENSMUSG00000022438	-2.10396144703796	-0.342261622456803	-5.84300303882141	0.000194128389774176	0.00303929300965959	0.802961942734271
ENSMUSG00000039456	1.08464826148942	3.85464521204144	5.58534293591407	0.000273214216652406	0.00371341966845582	0.787133876512445
ENSMUSG00000009112	1.02858390166611	6.2992967733166	5.87153430697052	0.000187024075499936	0.00299378439060871	0.785871666164306
ENSMUSG00000003154	1.02993782650664	5.94210135744832	5.83808673926086	0.000195381709576355	0.00305518926618909	0.782362314316842
ENSMUSG00000004347	-1.54473372178647	4.79494632090936	-5.6601350841997	0.000247179863648514	0.00353144588816683	0.781724237701172
ENSMUSG00000036281	1.28508372952702	3.59518246666659	5.5993719128211	0.000268114316625958	0.00368133860625032	0.778909182873099
ENSMUSG00000047757	-2.08875940886434	1.59769827729626	-5.66087353170534	0.000246936548791965	0.00353144588816683	0.767302605022505
ENSMUSG00000041219	-1.94242187891771	2.59534613950628	-5.64337089855761	0.000252773676089192	0.00355044688581296	0.758999750133277
ENSMUSG00000056612	-1.00177064839105	7.43176926430853	-5.89461093045312	0.000181483241186506	0.00293806034092353	0.755976599466353
ENSMUSG00000053646	1.51855562854917	4.96052310473989	5.78639490796891	0.000209101205926462	0.00317685358779162	0.753716704181638
ENSMUSG00000049739	1.60463175519876	3.22525262258132	5.55098138409215	0.000286152240395898	0.00383898236722427	0.742051443922068
ENSMUSG00000045975	1.11174806548093	4.59487551434636	5.6939002131914	0.000236314044465282	0.00340876371106213	0.735395525428792
ENSMUSG00000036306	-2.32014031864674	1.20878559192462	-5.69056075195843	0.000237365403180405	0.00341625229375564	0.733219590578555
ENSMUSG00000068299	1.71532847049887	0.934433405237149	5.53376904402537	0.000292879816523822	0.00388594123491455	0.72990725707505
ENSMUSG00000029086	-1.25737829267317	2.45246264944626	-5.51335151007908	0.000301081733163941	0.00393213356089387	0.725502841167441
ENSMUSG00000044550	-1.04511056543227	3.66299281654969	-5.54061225106749	0.000290184920409781	0.00386451660603814	0.693690857299633
ENSMUSG00000043557	-2.55606363680951	2.85794650389262	-5.51801264345921	0.000299187769451737	0.00391935977981775	0.677678961902205
ENSMUSG00000003435	1.79993621077843	5.6616833425176	5.70521068543668	0.000232790313540775	0.00336929204648982	0.677403576134223
ENSMUSG00000022440	-1.70091787984973	4.91074157894766	-5.48893093553896	0.000311217782625234	0.00400946692505495	0.663901889082283
ENSMUSG00000025577	-1.88076326738456	1.61279985805858	-5.50241660430995	0.00030557576676719	0.00396260777147191	0.663045152056231
ENSMUSG00000004098	1.11232041613383	8.04237723791766	5.89728096614748	0.000180853679325272	0.00293156506966898	0.651690590826199
ENSMUSG00000040170	1.03350325551905	4.1526866299583	5.64185901137668	0.000253284822494967	0.0035537383073119	0.642075823085046
ENSMUSG00000024620	1.05458410423369	8.17682023528224	5.91545394255968	0.000176630858150397	0.00288865393453235	0.639847192255182
ENSMUSG00000027304	-1.00848979290562	5.01458010208692	-5.64791090587375	0.000251245436911064	0.0035367203059915	0.639437549300046
ENSMUSG00000040459	-1.06439242052233	4.02628993494321	-5.51687235474628	0.000299649916353123	0.00392141246293719	0.598711934971135
ENSMUSG00000041845	-1.51981110322123	2.55644277274894	-5.41926122726364	0.000342207311654672	0.00424469320485283	0.597225730155936
ENSMUSG00000040703	-1.58064554687007	1.74937909567676	-5.41506596343443	0.000344176474335453	0.00425193404430448	0.591433565080983
ENSMUSG00000028587	1.10471129884836	4.00684076625709	5.52488687205208	0.000296417922307083	0.00389898902313354	0.584847544306649
ENSMUSG00000036655	-2.24955838537579	0.591327089575134	-5.46098058885388	0.000323271575068001	0.00410500542109099	0.582584942889294
ENSMUSG00000030643	-1.0651697058857	2.95602925645171	-5.42372421699253	0.000340125777995544	0.00422704234066485	0.566243743327569
ENSMUSG00000042655	-1.43015453162268	1.55493521770796	-5.38144599422303	0.00036040409849461	0.00436496963818283	0.555978227158311
ENSMUSG00000024084	-1.25858830709259	2.81866073345477	-5.3858645314836	0.000358225187213338	0.00436172049845529	0.554626448389411
ENSMUSG00000026018	-2.10331115325231	-0.249238890971045	-5.535374928516	0.000292244998838629	0.00388594123491455	0.549695056814148
ENSMUSG00000022421	1.15933439124445	4.48977110667724	5.54120130296112	0.000289954199321818	0.00386451660603814	0.54562496534319
ENSMUSG00000041220	-1.50276834440677	2.55890159288357	-5.37473488566191	0.000363740845283544	0.0043713713367082	0.545536095481638
ENSMUSG00000027636	-1.62395196086954	2.61647857767041	-5.37534724769193	0.000363435007797152	0.0043713713367082	0.545097242369309
ENSMUSG00000030814	-1.20658113906275	4.81649677446208	-5.52812440867432	0.000295122988129653	0.00389354042707496	0.539302328597542
ENSMUSG00000038766	1.38880405860885	3.58222393853119	5.3968024533712	0.000352892064751807	0.00432463340677077	0.535841747877417
ENSMUSG00000034573	1.33021366014084	4.84250453537855	5.58499145461912	0.000273343323468667	0.00371341966845582	0.524654877858731
ENSMUSG00000024066	2.38185332584446	4.03982600893123	5.43651898024306	0.00033423343304706	0.00417808063627864	0.516453877043319
ENSMUSG00000020541	-1.01451616016703	3.6126629628124	-5.44029999475791	0.00033251325945606	0.00417688229423125	0.507595788602436
ENSMUSG00000046056	-1.27134097530248	2.36896411903943	-5.37006118845095	0.000366084206159336	0.00438654853417819	0.507471027232067
ENSMUSG00000025270	-1.86108483532503	2.20640348014176	-5.35778777663053	0.00037231562705433	0.00442163554127982	0.506226801832629
ENSMUSG00000032186	1.0925369162282	4.63144195294872	5.65179028670451	0.000249947463213256	0.00353394882459448	0.497167563634711
ENSMUSG00000028778	1.05158959412806	3.24516963123858	5.42005618831277	0.000341835542133054	0.00424418248540053	0.491674355981584
ENSMUSG00000042401	-1.47695251503117	1.27630879400512	-5.33620105093587	0.000383553894176618	0.00450921693538409	0.490175472333081
ENSMUSG00000042029	1.82815535324752	3.18019229703357	5.33083659708731	0.000386402877719625	0.00452931387514218	0.48893937590837
ENSMUSG00000003355	-1.45706603915735	2.81538097473847	-5.34812863434635	0.000377299899303837	0.00446430977627895	0.485710092001471
ENSMUSG00000049281	1.50357957120931	1.33234887990517	5.37862295670977	0.000361803678727519	0.0043713713367082	0.48554648429106
ENSMUSG00000028532	1.4722227235834	5.38480849742901	5.57707744218039	0.000276267779783072	0.00374918156115758	0.474166032420983
ENSMUSG00000037568	-1.7585758373739	3.89006202851334	-5.31098422564428	0.000397145603533889	0.00461407715671318	0.46197810295928
ENSMUSG00000060935	-1.0988465687888	5.150388670739	-5.44599626781925	0.000329939694305236	0.00416087013309491	0.455855775586107
ENSMUSG00000061322	2.07887691058845	-0.357469928223171	5.52883673251492	0.000294838894463431	0.00389354042707496	0.452615977570816
ENSMUSG00000055733	1.23491365906495	1.67482358809794	5.30134923501159	0.000402474661479816	0.00465912507130557	0.452596717356542
ENSMUSG00000047875	-1.98508703867664	0.751092595570209	-5.38189766833513	0.00036018071219959	0.00436496963818283	0.446449174797277
ENSMUSG00000029577	1.13112214666039	6.17937316114489	5.60330103819617	0.000266704427324536	0.0036737676373309	0.435199120728739
ENSMUSG00000097148	-1.18124516367053	3.83169901893677	-5.36966017142383	0.000366286028091526	0.00438654853417819	0.432443257320777
ENSMUSG00000027962	-1.19687734884325	8.3629395659561	-5.7255298058545	0.000226601462330605	0.00332850065606443	0.425210497322758
ENSMUSG00000030816	1.20984616531016	5.38843937389209	5.52270080191068	0.0002972957547143	0.00390653316174225	0.419426426702634
ENSMUSG00000015879	1.03967293301278	2.36155585867488	5.32211236355271	0.000391084867099165	0.00455190165350778	0.412933151438827
ENSMUSG00000036208	1.24941632810138	3.1199838233137	5.27074205564443	0.000419919129570991	0.00477072724374547	0.409278877404207
ENSMUSG00000022033	-1.63297297441707	3.22263586934352	-5.25862426174104	0.00042704851690241	0.00483887807589862	0.393125645557778
ENSMUSG00000002083	-1.2272649218501	3.37067893137227	-5.28190609978486	0.000413463914547602	0.00473510235054605	0.39264539514929
ENSMUSG00000003644	-1.46868970079118	3.34419949799285	-5.32378688314787	0.000390181505813119	0.00454963684979911	0.379736762999732
ENSMUSG00000038233	-1.85951438511788	2.46736121590201	-5.24407325462504	0.000435781641839664	0.00489891831693311	0.37025862405676
ENSMUSG00000054196	-2.35472106550372	4.17401158648604	-5.29097014917426	0.000408301338405385	0.00470114132955008	0.369300844204119
ENSMUSG00000040797	-1.77919248335202	3.65140578032031	-5.23952385228668	0.000438551267462971	0.00491293229785144	0.362423563264343
ENSMUSG00000039501	1.1147394116287	5.67729952878502	5.54708857321932	0.000287659081983924	0.00385085223619355	0.338622798801806
ENSMUSG00000061613	-1.01467391083926	5.2376863818823	-5.41708575742804	0.000343226911502282	0.00424893775843295	0.331980230087716
ENSMUSG00000012519	1.4858550671795	3.03364663473386	5.20640789297253	0.000459290336087583	0.00502402549830106	0.322907844598687
ENSMUSG00000023868	-1.34286400878839	3.56823844167205	-5.23189080900822	0.000443240721161336	0.00494380919050325	0.319787878062106
ENSMUSG00000027460	1.09430418724871	2.77774172200645	5.24333151306431	0.000436231921580188	0.00489968977186917	0.307826938962701
ENSMUSG00000027580	1.24892009147947	4.30205367474143	5.31962208915408	0.000392432466183302	0.00456344927614242	0.307410948356256
ENSMUSG00000032115	1.14053134783565	4.40446678436782	5.32463675223334	0.000389723880732575	0.00454843198258618	0.307086635107083
ENSMUSG00000058665	-1.56121807781191	2.02482666356617	-5.20517600872066	0.000460081841679672	0.00502402549830106	0.30415951433331
ENSMUSG00000009646	-1.729794055682	0.474721471279521	-5.225484452748	0.00044721809907416	0.00496455695127576	0.301384588345239
ENSMUSG00000000247	-2.38391947108306	1.49352993609909	-5.19096387136554	0.000469319981861604	0.00507279123459487	0.299096071017824
ENSMUSG00000036529	1.3054433793302	5.79619341956296	5.45897871637633	0.000324153968774983	0.00410808356479095	0.295131754709232
ENSMUSG00000006281	1.064231819846	3.28886856621347	5.24933214172771	0.000432603470636768	0.00488887619369263	0.294251678064622
ENSMUSG00000023013	-2.34742542393433	0.769320604665027	-5.29585290858672	0.000405549016223149	0.00468204880420215	0.286940048496573
ENSMUSG00000026039	-2.58261455841391	1.63118312030332	-5.29842038220532	0.000404109778977119	0.00467383904730473	0.282378794431189
ENSMUSG00000092329	1.69111949588541	5.21784468386361	5.37548454951498	0.000363366471858198	0.0043713713367082	0.281102524121636
ENSMUSG00000042644	1.42962097838492	3.99140262787103	5.38424941060908	0.000359020004283217	0.00436172049845529	0.278291904451513
ENSMUSG00000038970	1.2964605120432	3.29455052587059	5.22476812083687	0.000447665208586939	0.00496455695127576	0.269924754459417
ENSMUSG00000045007	-1.4886248589444	1.85011265633347	-5.15555399600243	0.000493213969817178	0.00519949722619841	0.260348673000627
ENSMUSG00000021943	-1.83173449881378	2.30582521490154	-5.14820047948217	0.0004983377662299	0.00524511858733024	0.245536730953654
ENSMUSG00000062248	-1.51155524977466	4.16881826639654	-5.19854758277305	0.000464365917442459	0.00504972863615319	0.245062899102891
ENSMUSG00000024228	1.33752364052588	2.32333879107178	5.14593482356751	0.000499927916185805	0.00524781241863725	0.24357554411666
ENSMUSG00000020656	-1.35977225902563	2.3443819365012	-5.14804658522136	0.000498445604965173	0.00524511858733024	0.228557696171771
ENSMUSG00000082035	-1.13516935079897	3.49882505763481	-5.18999592552352	0.000469956363116333	0.00507279123459487	0.223647865723312
ENSMUSG00000026430	-1.29522556256005	2.26981812068432	-5.13401476867105	0.000508384121418923	0.00528476500295991	0.219813944731282
ENSMUSG00000071537	-2.25122992995644	0.5377773165541	-5.20563828134826	0.000459784652565299	0.00502402549830106	0.218037666791945
ENSMUSG00000032480	1.33986006979439	5.52459047332455	5.39038032483763	0.000356012942624847	0.00435285157849313	0.210855688578721
ENSMUSG00000032278	-2.13126144840246	-0.320717700483435	-5.18055161432689	0.000476214392822144	0.00510791570541582	0.208283878534338
ENSMUSG00000047221	1.13988455467421	3.06571479320207	5.13565172693718	0.000507213815695871	0.00528476500295991	0.203948048906589
ENSMUSG00000034394	-2.59859740900563	1.90261444808236	-5.13381601429395	0.000508526413318355	0.00528476500295991	0.193915201732453
ENSMUSG00000027864	-1.62888720110943	3.13986272019976	-5.10053357598817	0.000532967099348993	0.00545999130568721	0.175989107218787
ENSMUSG00000027536	1.12761780719233	2.48503663909148	5.14288645574752	0.000502076004661297	0.00525746472091495	0.169569813747074
ENSMUSG00000067928	2.41551444882233	0.700909634451013	5.20743310586148	0.000458632734351214	0.00502402549830106	0.165838242136628
ENSMUSG00000001604	-1.53850413177504	3.39397816250932	-5.12298388192072	0.000516346296916949	0.00534154211105544	0.155878788754374
ENSMUSG00000072653	1.1799397268347	2.60904277880635	5.09746313410894	0.000535284485298114	0.005471323425364	0.152765014201467
ENSMUSG00000037161	-1.42416404565401	0.802314502786211	-5.0761070590838	0.000551704649128154	0.00558139029590799	0.151058588638424
ENSMUSG00000027706	-1.03171473968397	7.23553714912361	-5.51801944474523	0.000299185015265632	0.00391935977981775	0.149476152044661
ENSMUSG00000064202	1.50374550000902	0.467192685133239	5.08994804641424	0.000541002118120753	0.00551658871519795	0.14652657959283
ENSMUSG00000028678	-2.05572307264616	2.43968128084433	-5.05937202383209	0.000564948937492903	0.00564860939216035	0.122723738664844
ENSMUSG00000025429	-1.53093807606398	2.15258123042545	-5.06324655174236	0.000561852570888714	0.00563961165368985	0.122547762829898
ENSMUSG00000039662	1.36030013785513	5.59403039368959	5.32480171421836	0.000389635121267512	0.00454843198258618	0.122146499280579
ENSMUSG00000050271	1.3123539921445	4.53913019234206	5.17731576649069	0.000478379060966104	0.00512640265833293	0.121283599858103
ENSMUSG00000021614	-1.13005054874443	4.04970720782135	-5.08710761134634	0.0005431801966562	0.00552563182620626	0.116852895342596
ENSMUSG00000015944	1.23985543740069	4.80710100379251	5.17475258961909	0.000480101228821473	0.00512718202741059	0.10734943785281
ENSMUSG00000024039	-1.17609197691408	2.87464317040498	-5.17020283168823	0.000483174560460155	0.00514771369891076	0.10644133838847
ENSMUSG00000058503	-1.9003037689674	1.28463737147529	-5.05437843018739	0.000568966611346924	0.00567639151769132	0.0998888661782402
ENSMUSG00000021903	1.1826930486379	3.47050081005797	5.18452605951471	0.00047357000011058	0.00510041246763391	0.0893559648977922
ENSMUSG00000032017	-2.00662001688258	1.32188540189608	-5.06110920326034	0.000563558398468145	0.005643496661103	0.0749166689687497
ENSMUSG00000030225	-1.04889864732056	3.35914168128317	-5.02595835012166	0.000592423060457027	0.00581907211181891	0.0662726332593779
ENSMUSG00000082361	2.17746231899043	1.9531198149383	5.00875546739978	0.000607123057450826	0.00589579864716619	0.065191955826724
ENSMUSG00000029153	-1.598904326913	2.58081809716616	-5.00358484879204	0.000611617374400454	0.0059244523164971	0.0607223458184531
ENSMUSG00000056919	1.05707976288292	3.16444591097977	5.00323861039374	0.000611919595861906	0.0059244523164971	0.028291637976972
ENSMUSG00000032777	1.43966748459559	5.27919692385945	5.22778914124037	0.000445782841572103	0.00495923753908376	0.0223977679553817
ENSMUSG00000026090	-2.13869162423763	0.497698466333721	-5.03308234547989	0.000586447586275241	0.00577695377895264	0.0223711448817578
ENSMUSG00000030110	-1.28279916959244	3.19542635422668	-4.96962023669104	0.000642039544030017	0.00609202044808379	0.00260365055679213
ENSMUSG00000026574	-1.52589310983625	6.25595685673362	-5.18960277111532	0.000470215108986438	0.00507279123459487	-0.00238932221080912
ENSMUSG00000019808	-1.6983410847254	0.476512185477308	-5.03267783459011	0.0005867851478232	0.00577695377895264	-0.00710848436758749
ENSMUSG00000001150	1.19946097625379	4.9505348994793	5.16236267977783	0.000488520163058776	0.00518315855648642	-0.00758157399972781
ENSMUSG00000037995	-2.26214213266041	0.418348169220459	-4.97450105159194	0.000637569879652902	0.00606764482056333	-0.0198935879291575
ENSMUSG00000025150	-1.83017384167439	1.20822830110366	-4.9373308382886	0.000672466949015397	0.00627864050287976	-0.0334216490637527
ENSMUSG00000063727	-1.54648857286469	2.79475860759224	-4.93455885244843	0.000675150082664224	0.0062945365005398	-0.0451158113503904
ENSMUSG00000020491	-2.20819913957699	1.1939003762063	-4.94513478651151	0.000664974236120979	0.00625343889451289	-0.0548069339910331
ENSMUSG00000039089	1.12608989354033	3.341651558774	4.99875543481522	0.000615847303120222	0.00594008089966748	-0.0559076032511525
ENSMUSG00000078771	-1.05943123126433	3.27837952274431	-4.91844918599697	0.000690971806533284	0.00637720780177879	-0.0680068167140186
ENSMUSG00000058740	2.36933761614397	1.02120683510021	4.8982443847973	0.00071137831587067	0.00650012442643962	-0.0789903837187023
ENSMUSG00000034832	1.13100521450983	4.50623210354244	5.09865270399774	0.000534385389879141	0.00546648576515412	-0.0815001309158223
ENSMUSG00000031274	1.06413807364724	5.51101380978419	5.21383369877264	0.000454549985498886	0.00500472788493542	-0.0821994961430645
ENSMUSG00000010064	-1.74772579206817	1.83818436128032	-4.89754578250039	0.000712095321460663	0.00650204817703556	-0.0830116249348825
ENSMUSG00000003824	-1.2540912915419	2.60238320725279	-4.89220780255617	0.000717599500337311	0.00651523506741896	-0.0881740574947587
ENSMUSG00000033491	-1.16958458319527	3.29572292180803	-4.89270233092939	0.000717087667548537	0.00651523506741896	-0.092016704502754
ENSMUSG00000050919	2.55749822087737	0.729222603569714	4.92498975619904	0.00068450082496969	0.00634027531815359	-0.104262782643052
ENSMUSG00000035295	-1.51607048910631	0.871895911554744	-4.88964038662672	0.000720263041119717	0.00653018144201619	-0.106473721004798
ENSMUSG00000044927	-1.25633668618981	2.53108940842841	-4.86931102124091	0.000741730552067645	0.00667297605286925	-0.117801676979446
ENSMUSG00000040136	1.16867734461171	4.40314421875046	5.12469603253746	0.000515101737394006	0.00533296460053569	-0.119516314740497
ENSMUSG00000034324	-1.83105375836804	2.41057015259461	-4.90025835131392	0.000709315613293571	0.00648589305089948	-0.122822681549934
ENSMUSG00000068115	1.14462510601211	3.68720842753142	4.93233474087203	0.000677311185444996	0.00630552646754377	-0.132271495649979
ENSMUSG00000039323	-1.95868274888994	2.01570019996684	-4.85856962811543	0.000753348615545084	0.00674541166608947	-0.134345346272054
ENSMUSG00000090000	-1.09093986314776	6.1095240141269	-5.1766467149018	0.000478827948564958	0.00512693344760378	-0.13573491602738
ENSMUSG00000024862	1.14320803284359	2.84098570386775	4.89364239520684	0.000716115784876254	0.00651523506741896	-0.138127448222344
ENSMUSG00000032845	-1.91884020209363	0.897423650673658	-4.85678785073624	0.000755294552742244	0.0067515462114648	-0.142611654246052
ENSMUSG00000042763	1.80442535510164	0.642529550819091	4.86482435858301	0.000746559935284042	0.00670233318124233	-0.151985842118953
ENSMUSG00000054252	-1.21567366743173	3.04433762000323	-4.91244365067731	0.000696971095349231	0.0063988117136918	-0.153397963612209
ENSMUSG00000020686	1.74997424125255	-0.0095241906376175	4.87612816314354	0.000734456488594506	0.00661680870215879	-0.156786674761533
ENSMUSG00000043059	-1.04389522821373	3.61730458226541	-4.89419433917214	0.000715545815635637	0.00651511457873231	-0.157692709795856
ENSMUSG00000024875	-1.08744100790547	4.16660249289655	-4.9716947418473	0.00064013570637056	0.00608294759317931	-0.158326616789886
ENSMUSG00000039747	-1.21422274957211	3.25616249217583	-4.85846744677389	0.000753460066145217	0.00674541166608947	-0.165666467110941
ENSMUSG00000041229	1.15421823100117	5.25922777072951	5.12064313012756	0.000518053005570505	0.00535488283857822	-0.165792081681471
ENSMUSG00000035112	1.18457613105159	2.34206950866093	4.91650581001719	0.000692907093160969	0.00638336543060146	-0.180524497839515
ENSMUSG00000002055	-1.84893666829102	2.62681129314383	-4.82200592671994	0.000794376997214963	0.00696029020007698	-0.18446766939313
ENSMUSG00000039813	-1.79594072285438	0.830917023183406	-4.81872692919382	0.000798171333298644	0.00697069631080815	-0.192185263609553
ENSMUSG00000027315	-1.66081272182856	0.805959846196964	-4.8150587654682	0.000802438957054753	0.00698501910817013	-0.192696030514803
ENSMUSG00000090451	-1.76935405017772	1.41572357713464	-4.81116915811811	0.000806990855123565	0.00700957279978101	-0.202807148923958
ENSMUSG00000034825	1.26293562356747	3.53877450080721	4.96011478611575	0.000650840827511811	0.00615732832984276	-0.20485459431377
ENSMUSG00000032409	1.33445818181257	3.16838709880571	4.84720187804882	0.000765856325328895	0.00679949066706249	-0.209680287788256
ENSMUSG00000034171	1.46734104350018	1.94654193336181	4.81686808148524	0.000800330919745784	0.00697871315551202	-0.213586424263689
ENSMUSG00000063849	1.49381853150486	1.55951820556361	4.78928422290321	0.000833121709144316	0.00713157464408001	-0.225192079834309
ENSMUSG00000019848	-1.22467117398912	3.79140575668669	-4.78886882117172	0.000833626358531365	0.00713157464408001	-0.22972148014824
ENSMUSG00000057469	-1.09375339285876	3.43949277371355	-4.87833849572182	0.000732114410952576	0.00660034045492217	-0.232913027421702
ENSMUSG00000074476	-2.40991461473688	2.88378164208644	-4.7768442866628	0.000848376730475178	0.0071796047896113	-0.255023582424387
ENSMUSG00000055980	1.04030207453029	3.93170908410342	4.8388633860135	0.000775172039013188	0.00684433193731176	-0.271214456368721
ENSMUSG00000020330	-1.71003460183422	2.52015578658342	-4.77460154862342	0.00085115858247867	0.00719265112742248	-0.277131013721148
ENSMUSG00000054752	-1.95478622003775	2.17205019706526	-4.74944344973211	0.000883040294820211	0.00740945836921691	-0.28187036314093
ENSMUSG00000001763	1.02871582559475	2.53911098802814	4.77925568011478	0.000845396508817186	0.00717804257949407	-0.285287822855023
ENSMUSG00000025359	2.40195946856867	0.241074338787584	4.79916765114503	0.000821210585757353	0.00708245266943724	-0.286077737546063
ENSMUSG00000031103	-1.22697218371633	3.90920296098079	-4.77416775068751	0.000851697780942392	0.00719265112742248	-0.294556234105783
ENSMUSG00000020407	-1.167206389427	3.13338496017257	-4.73775113382424	0.00089828916486372	0.00749333092821341	-0.298415915909975
ENSMUSG00000033478	1.0763122780619	5.02866062257625	4.93862799542317	0.00067121529117475	0.00627864050287976	-0.299346373864641
ENSMUSG00000079355	-2.26391804419596	0.536013413164202	-4.78977174446601	0.000832529861335747	0.00713157464408001	-0.303518192555838
ENSMUSG00000060402	-1.57011625471963	0.934996780241355	-4.72158087885616	0.000919842839462177	0.00758929458420014	-0.316841509993872
ENSMUSG00000051351	-1.25310875167884	4.85351321799848	-4.91211598949172	0.00069730001460156	0.0063988117136918	-0.323378616321171
ENSMUSG00000033752	-1.29398148222945	2.09708305599706	-4.70921962360016	0.000936691376706307	0.00766916064678289	-0.33924083366013
ENSMUSG00000063632	-2.59499552567515	3.01251798552912	-4.69854286533139	0.000951508991701243	0.00772153756982336	-0.35824022946483
ENSMUSG00000024907	-1.23474300588539	3.42022757373298	-4.79055093829634	0.000831584857567624	0.00713152064225328	-0.360147661070688
ENSMUSG00000054203	2.22480943282972	3.72301087273252	4.70874853090951	0.000937339959540387	0.00766957960521319	-0.362169789854121
ENSMUSG00000091957	-1.02755032188776	5.05648148826291	-4.91553438874621	0.000693876643660765	0.00638336543060146	-0.381327331570333
ENSMUSG00000030867	-1.68618304950983	2.19648024425468	-4.70269408288036	0.000945718276174859	0.00770865474890974	-0.381724231900341
ENSMUSG00000028020	-1.48730943909669	3.72359516347346	-4.7513018214718	0.000880642201667405	0.00739416912034411	-0.391500501309195
ENSMUSG00000103749	1.35779517497656	2.31560973380143	4.67716395049279	0.000981936306507974	0.00787881143934335	-0.400861136663374
ENSMUSG00000028545	-1.95533379770124	1.12424460120439	-4.69931169161326	0.000950433675114808	0.00772153756982336	-0.406170768346477
ENSMUSG00000020090	-2.05545916926462	-0.300476837078007	-4.71800889656632	0.000924678022467178	0.00761450702529418	-0.409818245434324
ENSMUSG00000036748	-1.2599059407769	3.91060771596674	-4.85679006167057	0.000755292134782097	0.0067515462114648	-0.412819229907606
ENSMUSG00000079056	1.11180355350707	1.56913891193838	4.65331228938164	0.00101711172084446	0.00807525063215902	-0.41370697284619
ENSMUSG00000002778	-1.20876543983159	3.34812304642521	-4.72433095570114	0.000916138603866137	0.00756359318098615	-0.41527590992624
ENSMUSG00000024112	1.3168277797166	5.87608080946833	5.09154048804391	0.000539785112342117	0.00550855427046749	-0.417978412858162
ENSMUSG00000070473	1.20327900488274	1.57689188785541	4.63997058624224	0.00103737125562049	0.00814962624981635	-0.428283454084631
ENSMUSG00000043909	1.07018503293618	5.11607880116471	4.84752233790955	0.000765500705484975	0.00679949066706249	-0.432847200511205
ENSMUSG00000030214	-1.28465599200975	1.78335157584593	-4.64028237629762	0.00103689292136615	0.00814962624981635	-0.433555175033118
ENSMUSG00000070495	-1.89545829480924	-0.261898243810473	-4.64842984904241	0.00102447640263544	0.00809866259669564	-0.470840550719416
ENSMUSG00000039512	1.69338844130609	3.00966281266899	4.66489719835452	0.000999861906816543	0.00798272833315347	-0.471323328746021
ENSMUSG00000051043	1.00953349255641	6.41761702701598	5.0240930217594	0.000593998413535094	0.00582118445264392	-0.474769908702121
ENSMUSG00000045211	-1.02276250609835	2.6575299762232	-4.67167747895188	0.000989911049849505	0.00793783763770639	-0.474945605799374
ENSMUSG00000078185	1.25699948971899	1.86037400732429	4.60286265565596	0.00109601497139095	0.00848139855498315	-0.478054646216007
ENSMUSG00000045519	-1.05366846568613	3.08024579728716	-4.6582147371832	0.00100977361540187	0.00804684895998091	-0.481279721821792
ENSMUSG00000055660	1.19328232821685	2.01499742364228	4.5844384747909	0.00112643473078461	0.00861296549959071	-0.504964661522176
ENSMUSG00000016637	-1.05840675276114	3.71987930187495	-4.71839426313324	0.000924155071725424	0.00761450702529418	-0.506594556162427
ENSMUSG00000009075	-1.71220677188427	0.457745119615154	-4.59321729078807	0.0011118295700987	0.00856762786370172	-0.507824487387066
ENSMUSG00000052369	-1.71685197848079	2.7438365992683	-4.60750369885699	0.00108849103077838	0.00844323914143978	-0.509158588524659
ENSMUSG00000070733	1.31392990283529	4.09760632039017	4.77372627913449	0.000852246891964537	0.00719265112742248	-0.51429174901085
ENSMUSG00000021911	1.04993314824017	5.00569043469781	4.7746536490976	0.000851093847596131	0.00719265112742248	-0.51442564846702
ENSMUSG00000016763	-1.98931547743461	2.39731921790393	-4.64041988647143	0.00103668203415716	0.00814962624981635	-0.514772555561194
ENSMUSG00000018372	-1.03802072534066	2.83421426085996	-4.60943046819151	0.00108538358173084	0.00842961550046006	-0.520496360522772
ENSMUSG00000042501	-1.54678338258639	0.0848037786831809	-4.5836146324266	0.00112781579159354	0.00861352707680218	-0.528772992041327
ENSMUSG00000041649	-1.62499191932881	0.437525239676194	-4.58984087779301	0.00111742283959337	0.00859010443993994	-0.536418043063351
ENSMUSG00000032254	-1.35962884056435	3.17557787473183	-4.5670432264795	0.00115598183766945	0.00874735493231004	-0.540528730641289
ENSMUSG00000037624	-1.18475328706473	3.6658120114035	-4.67913192853749	0.000979092511256811	0.00787568274405698	-0.546449783991821
ENSMUSG00000015619	-2.68091070838722	1.06703550369346	-4.55007166475114	0.00118560567325092	0.00888636855263849	-0.553654094430361
ENSMUSG00000040329	1.42452898881999	1.80488533339252	4.56557331148361	0.00115851613312332	0.0087539906515816	-0.55881857229201
ENSMUSG00000022195	1.2096294004109	2.81017066496457	4.58359420651684	0.00112785005578006	0.00861352707680218	-0.561154520527829
ENSMUSG00000017754	-1.10447674765895	5.20922734615487	-4.79275086671884	0.000828922969315721	0.0071134445722428	-0.564457814545056
ENSMUSG00000054400	-1.23413635230029	1.85989705986696	-4.53998001762061	0.0012036028639447	0.00898947599851813	-0.571729693818171
ENSMUSG00000029603	1.30807846400718	3.02458667120247	4.64852153274666	0.0010243375843007	0.00809866259669564	-0.572039856661012
ENSMUSG00000058152	-1.10361018293621	3.13130448602366	-4.5399342775876	0.0012036850943646	0.00898947599851813	-0.574925784469985
ENSMUSG00000059060	-1.59791870653456	2.05107618949845	-4.52429732867203	0.00123215031069328	0.00911480175717453	-0.585486462417397
ENSMUSG00000086022	1.39062031648683	0.112820240476683	4.5281108263704	0.0012251428708249	0.00909034815716632	-0.586132993608776
ENSMUSG00000039001	-1.20043120579636	4.84497631649055	-4.75486883868372	0.000876058681789477	0.00736531850478933	-0.597265155900572
ENSMUSG00000024542	2.3349809004928	2.94076871728523	4.52048081202304	0.00123920600758711	0.00912209101227252	-0.601564807305893
ENSMUSG00000028539	-1.32429630240743	1.28329139138861	-4.50559953667244	0.00126713067933719	0.00923236303140227	-0.613859587264589
ENSMUSG00000032400	-1.18259402169275	2.3094709583692	-4.51997378399441	0.00124014659371234	0.00912378336394215	-0.615034496352552
ENSMUSG00000047419	2.9727151848753	2.34341373327532	4.52554275317363	0.00122985712046082	0.00910635163408102	-0.621231600176227
ENSMUSG00000024726	-1.06461878853498	4.06799306788681	-4.65512129050204	0.00101439736660282	0.00806974361184745	-0.63009790478683
ENSMUSG00000050428	1.02855983954355	2.18998052319909	4.50648615763695	0.00126544832520932	0.00923039131396959	-0.637659632697519
ENSMUSG00000091625	-1.16968781783101	2.7357365650098	-4.52054904201289	0.00123907949229334	0.00912209101227252	-0.646869838703299
ENSMUSG00000030515	1.63261480998229	3.10607603158668	4.53573301026582	0.00121126359344425	0.0090303147576291	-0.651743228209652
ENSMUSG00000025857	1.111874783469	4.27037892837482	4.65503121420073	0.00101453234067003	0.00806974361184745	-0.653677954740903
ENSMUSG00000021275	1.24948629712964	2.35208877650852	4.5061633122617	0.00126606064576693	0.00923039131396959	-0.657943672852541
ENSMUSG00000055301	1.7621371976946	1.17732374947401	4.47183238654325	0.00133300721738892	0.00953396577318621	-0.660299921110703
ENSMUSG00000031380	-1.89212685061955	0.115285324381316	-4.5236346033119	0.00123337243574099	0.00911573709271322	-0.668686767422422
ENSMUSG00000005043	1.23879531725142	3.44903070684079	4.57127728536259	0.00114871478453529	0.00872253028112994	-0.672811446088198
ENSMUSG00000029765	1.19116951059364	2.23901587635994	4.47997553086584	0.00131679428240021	0.00945337508350673	-0.686879252904932
ENSMUSG00000034435	-1.18637293106194	3.75058356063322	-4.49960625654928	0.00127856544127188	0.00929457708666386	-0.700126420627141
ENSMUSG00000044022	-1.35816855879951	1.61751977807407	-4.44440815923337	0.00138918765416928	0.00978835955226412	-0.702808963330065
ENSMUSG00000041660	-1.78138313936583	0.635264476172475	-4.44650390074921	0.00138480682945638	0.00977358442911546	-0.708945478488769
ENSMUSG00000011267	-1.66278005385782	0.996565886598831	-4.43216021941935	0.00141508634469646	0.00990714682057929	-0.716000532820989
ENSMUSG00000027068	-2.71279757416693	0.191747011285416	-4.45528725972101	0.00136660563634124	0.00970917717728213	-0.724191401007228
ENSMUSG00000039929	1.44380021537311	3.72098793364744	4.56419567266272	0.00116089670443472	0.0087616648392316	-0.729179770489971
ENSMUSG00000059974	1.11066166398795	2.34190750091137	4.46497398772947	0.00134682687446014	0.00960053493299236	-0.733315473082206
ENSMUSG00000057691	-1.74864441546952	3.03385018328129	-4.48357348091989	0.00130969769236475	0.00941955124626256	-0.73336110250986
ENSMUSG00000022469	1.28702314135907	3.53002608441939	4.6280698360536	0.00105580578928832	0.00825483235254778	-0.733835317033923
ENSMUSG00000046410	1.60562090306974	1.33449413368265	4.42203154321221	0.00143689126571781	0.00999827104026303	-0.739681640407884
ENSMUSG00000000028	-1.32240322724652	2.82295115399398	-4.43955442116032	0.00139939029234027	0.00982788433975073	-0.741508022074855
ENSMUSG00000062184	-1.05718971107005	5.68385958383747	-4.65558436894041	0.00101370377275803	0.00806974361184745	-0.762151710857002
ENSMUSG00000003123	1.1322757300512	3.01832761154342	4.48925639064329	0.00129857144777373	0.00938685824691392	-0.768409829233353
ENSMUSG00000018923	-1.01604487369138	2.45528529783953	-4.4250823041679	0.00143028629777691	0.00996311204061855	-0.772029884394836
ENSMUSG00000070564	-1.29636699302293	4.37608667830216	-4.53116515151348	0.00121956102107284	0.00906060439151222	-0.823846030830093
ENSMUSG00000075592	1.05231243130738	3.8909626471433	4.55996651950398	0.00116823730406836	0.00881188631588108	-0.82952430696052
ENSMUSG00000035547	1.06933390521178	5.02314281775554	4.55239504740385	0.00118150290974583	0.00888064072325351	-0.931005191663155
ENSMUSG00000026944	1.34568655152312	5.4642824834281	4.68054349505457	0.000977058159131832	0.00786917982869163	-0.936653238836691
ENSMUSG00000059005	-1.04953289885014	5.81928004528757	-4.57511295909194	0.0011421734754952	0.00868674352986217	-0.999037045975093
ENSMUSG00000020747	1.18458486588094	4.88730896605779	4.48493298376529	0.0013070268068518	0.00941088622903164	-1.02128504598326
ENSMUSG00000006457	-1.01074592202347	6.58980213798181	-4.46100756926026	0.00135488863640458	0.00963126263242636	-1.15936309625484
ENSMUSG00000058569	-1.11093769188431	6.52401377521698	-4.45126995477022	0.00137489869029895	0.00972598311102065	-1.26582346263328
