cluster	gene	symbol
1	ENSMUSG00000000247	Scml2
1	ENSMUSG00000000308	Lhx2
1	ENSMUSG00000000861	Tpd52l1
1	ENSMUSG00000001025	Ckmt1
1	ENSMUSG00000001228	Sox9
1	ENSMUSG00000001504	Serpinf1
1	ENSMUSG00000001506	Bcl11a
1	ENSMUSG00000001510	Dbh
1	ENSMUSG00000001655	S100a4
1	ENSMUSG00000002769	S100a6
1	ENSMUSG00000003178	Scn4a
1	ENSMUSG00000003644	Timp1
1	ENSMUSG00000004864	Cnnm3
1	ENSMUSG00000005220	Mcm3ap
1	ENSMUSG00000005251	Pcnt
1	ENSMUSG00000005628	Uhrf1
1	ENSMUSG00000006058	Ube2c
1	ENSMUSG00000006345	Irx2
1	ENSMUSG00000006411	Col1a1
1	ENSMUSG00000010064	Dlx3
1	ENSMUSG00000010080	Tcea3
1	ENSMUSG00000015354	Hoxc13
1	ENSMUSG00000015377	Cpa3
1	ENSMUSG00000015619	Grik3
1	ENSMUSG00000017588	Ltbp2
1	ENSMUSG00000017724	Tmem25
1	ENSMUSG00000018819	Spag5
1	ENSMUSG00000018893	Bbc3
1	ENSMUSG00000019808	Angptl4
1	ENSMUSG00000019880	Armc6
1	ENSMUSG00000020218	Gnmt
1	ENSMUSG00000020491	Kdelr1
1	ENSMUSG00000020583	Plin4
1	ENSMUSG00000020649	Hmgn2
1	ENSMUSG00000020656	Mical3
1	ENSMUSG00000020722	Ranbp2
1	ENSMUSG00000020889	Hck
1	ENSMUSG00000020953	Ap1m2
1	ENSMUSG00000021118	Fkbp11
1	ENSMUSG00000021273	Supt5
1	ENSMUSG00000021367	Rps6ka1
1	ENSMUSG00000021643	Snrnp200
1	ENSMUSG00000022123	Syce2
1	ENSMUSG00000022286	Col5a3
1	ENSMUSG00000022371	Pde1c
1	ENSMUSG00000022425	Il11
1	ENSMUSG00000022438	Clec11a
1	ENSMUSG00000022479	Gab2
1	ENSMUSG00000022483	Ctse
1	ENSMUSG00000022523	Myo9b
1	ENSMUSG00000022676	Hdac9
1	ENSMUSG00000023169	Dgkq
1	ENSMUSG00000023868	Mapk13
1	ENSMUSG00000024048	Bcan
1	ENSMUSG00000024084	Tmem242
1	ENSMUSG00000024538	Sgsh
1	ENSMUSG00000024660	Slc1a2
1	ENSMUSG00000024678	Corin
1	ENSMUSG00000024873	Spc25
1	ENSMUSG00000024922	Dnah2
1	ENSMUSG00000025064	Ripk4
1	ENSMUSG00000025105	Prlr
1	ENSMUSG00000025140	Mcm5
1	ENSMUSG00000025202	Asf1b
1	ENSMUSG00000025213	Mef2c
1	ENSMUSG00000025330	Mrvi1
1	ENSMUSG00000025488	Tmod4
1	ENSMUSG00000025577	Apc
1	ENSMUSG00000025930	Trpv1
1	ENSMUSG00000025991	Prg4
1	ENSMUSG00000026018	Snf8
1	ENSMUSG00000026579	Susd2
1	ENSMUSG00000026971	Ggt1
1	ENSMUSG00000027208	Fbln1
1	ENSMUSG00000027533	Pvrl4
1	ENSMUSG00000027596	Slc4a3
1	ENSMUSG00000027636	Nphs1
1	ENSMUSG00000027869	Gatad1
1	ENSMUSG00000027996	Zmiz1
1	ENSMUSG00000028031	Rab25
1	ENSMUSG00000028236	Rps15a
1	ENSMUSG00000028348	Ccl8
1	ENSMUSG00000028497	Fam163b
1	ENSMUSG00000028786	Syn2
1	ENSMUSG00000028825	Ppp2cb
1	ENSMUSG00000028860	Pla2g12b
1	ENSMUSG00000028976	Nuak2
1	ENSMUSG00000029026	Rps25
1	ENSMUSG00000029417	Slc38a3
1	ENSMUSG00000029570	Epn3
1	ENSMUSG00000030166	Rnf112
1	ENSMUSG00000030672	Slc47a1
1	ENSMUSG00000030785	Tex14
1	ENSMUSG00000031312	Mcoln2
1	ENSMUSG00000031519	Plin5
1	ENSMUSG00000031613	Mlkl
1	ENSMUSG00000031891	Card14
1	ENSMUSG00000032013	Glis2
1	ENSMUSG00000032262	Pcolce2
1	ENSMUSG00000032503	Dennd6b
1	ENSMUSG00000032518	Cd83
1	ENSMUSG00000032852	Gata3
1	ENSMUSG00000033187	Arnt2
1	ENSMUSG00000034226	Aph1a
1	ENSMUSG00000034435	Ncapg
1	ENSMUSG00000034634	Gatsl2
1	ENSMUSG00000035373	Stard13
1	ENSMUSG00000035385	Cmah
1	ENSMUSG00000035799	Scube1
1	ENSMUSG00000035831	Pipox
1	ENSMUSG00000036306	Rarb
1	ENSMUSG00000036655	Krt27
1	ENSMUSG00000037188	Abr
1	ENSMUSG00000037601	Rab11fip4
1	ENSMUSG00000037610	Birc5
1	ENSMUSG00000038550	Etv4
1	ENSMUSG00000039055	Mmp9
1	ENSMUSG00000039298	Eya2
1	ENSMUSG00000039452	Tbx3
1	ENSMUSG00000040055	Lhx1
1	ENSMUSG00000040212	Lsp1
1	ENSMUSG00000040429	Mb
1	ENSMUSG00000040703	Alox12e
1	ENSMUSG00000041476	Ccl6
1	ENSMUSG00000041782	Etnppl
1	ENSMUSG00000041911	Gdpd2
1	ENSMUSG00000042306	Ptger1
1	ENSMUSG00000042436	Slc35e1
1	ENSMUSG00000042988	Calr3
1	ENSMUSG00000043008	Krt10
1	ENSMUSG00000044641	Adat2
1	ENSMUSG00000045128	Utrn
1	ENSMUSG00000045349	Popdc3
1	ENSMUSG00000045763	Rspo3
1	ENSMUSG00000045777	Ppp1r12a
1	ENSMUSG00000046352	Kera
1	ENSMUSG00000047281	2310015B20Rik
1	ENSMUSG00000047757	Epyc
1	ENSMUSG00000047821	Cdk1
1	ENSMUSG00000047832	Kitl
1	ENSMUSG00000047875	Med23
1	ENSMUSG00000048251	Mybpc1
1	ENSMUSG00000049404	Npffr1
1	ENSMUSG00000050558	Avpr1a
1	ENSMUSG00000050777	Thap2
1	ENSMUSG00000051397	Lgr5
1	ENSMUSG00000051839	Nav3
1	ENSMUSG00000051879	Cabin1
1	ENSMUSG00000052909	Jsrp1
1	ENSMUSG00000054196	Wif1
1	ENSMUSG00000054675	Vps13d
1	ENSMUSG00000056222	Hmmr
1	ENSMUSG00000056851	Flt4
1	ENSMUSG00000057454	Vdac1
1	ENSMUSG00000057948	Upp1
1	ENSMUSG00000058260	Aebp1
1	ENSMUSG00000058427	2810021J22Rik
1	ENSMUSG00000059060	Nbas
1	ENSMUSG00000059326	Matn3
1	ENSMUSG00000059824	Sdc1
1	ENSMUSG00000059898	Rrm2
1	ENSMUSG00000060572	Grhl1
1	ENSMUSG00000060935	Tmem132e
1	ENSMUSG00000060962	Cacng1
1	ENSMUSG00000061527	Cluh
1	ENSMUSG00000061816	2310067B10Rik
1	ENSMUSG00000063661	Atp2a3
1	ENSMUSG00000066704	Fam64a
1	ENSMUSG00000067006	Nr1d1
1	ENSMUSG00000067219	Aurkb
1	ENSMUSG00000067288	Top2a
1	ENSMUSG00000069441	Ccdc103
1	ENSMUSG00000070436	Coch
1	ENSMUSG00000070691	Ngb
1	ENSMUSG00000071341	Ppp2r5e
1	ENSMUSG00000073403	Rab15
1	ENSMUSG00000075296	Trim9
1	ENSMUSG00000075307	Serpina3n
1	ENSMUSG00000079588	Plek2
1	ENSMUSG00000084897	Mta1
1	ENSMUSG00000090733	Akr1c18
1	ENSMUSG00000091144	Fdft1
1	ENSMUSG00000092586	Traf3
1	ENSMUSG00000094005	Sfrp4
1	ENSMUSG00000095680	Elovl2
1	ENSMUSG00000096363	Edn1
2	ENSMUSG00000001150	Kif13a
2	ENSMUSG00000002020	Eci3
2	ENSMUSG00000002289	Msx2
2	ENSMUSG00000002343	Mxd3
2	ENSMUSG00000004698	Trip13
2	ENSMUSG00000004892	Irx4
2	ENSMUSG00000005043	Vcan
2	ENSMUSG00000005611	Serf1
2	ENSMUSG00000005871	Thbs4
2	ENSMUSG00000011305	Rnf180
2	ENSMUSG00000012519	Fgf10
2	ENSMUSG00000015944	Fam107a
2	ENSMUSG00000017631	Nr1d2
2	ENSMUSG00000018604	Vcl
2	ENSMUSG00000019359	Gdf10
2	ENSMUSG00000019732	N6amt2
2	ENSMUSG00000019984	Wnt5a
2	ENSMUSG00000020196	Tnfsf11
2	ENSMUSG00000020788	Pbk
2	ENSMUSG00000021071	Scel
2	ENSMUSG00000021277	Dct
2	ENSMUSG00000021375	Fyb
2	ENSMUSG00000021720	Dab2
2	ENSMUSG00000021823	Ripk3
2	ENSMUSG00000022324	Trio
2	ENSMUSG00000022412	Grhl2
2	ENSMUSG00000022421	Matn2
2	ENSMUSG00000022790	Khdrbs3
2	ENSMUSG00000022791	Col14a1
2	ENSMUSG00000022871	Adcy8
2	ENSMUSG00000024900	Mief1
2	ENSMUSG00000026077	Nptxr
2	ENSMUSG00000028150	Enpp2
2	ENSMUSG00000028468	Parvb
2	ENSMUSG00000028555	C1qtnf6
2	ENSMUSG00000029708	Slc38a4
2	ENSMUSG00000030084	Vdr
2	ENSMUSG00000030811	Col2a1
2	ENSMUSG00000031111	Trp63
2	ENSMUSG00000031328	Fgf12
2	ENSMUSG00000032115	Gpt
2	ENSMUSG00000032289	Snai2
2	ENSMUSG00000032338	Igsf11
2	ENSMUSG00000032409	Tnk2
2	ENSMUSG00000032480	Lrch3
2	ENSMUSG00000032777	Adcy5
2	ENSMUSG00000032890	Fetub
2	ENSMUSG00000032911	Adamts1
2	ENSMUSG00000033039	Krt75
2	ENSMUSG00000033306	Wnt1
2	ENSMUSG00000033453	Fmnl3
2	ENSMUSG00000034731	Aqp2
2	ENSMUSG00000034906	Racgap1
2	ENSMUSG00000034926	Slc38a1
2	ENSMUSG00000035181	Serinc2
2	ENSMUSG00000035864	Dlx2
2	ENSMUSG00000036061	Cdca3
2	ENSMUSG00000036208	Pde10a
2	ENSMUSG00000036745	Thbs2
2	ENSMUSG00000036826	Slc5a7
2	ENSMUSG00000036923	Ubr2
2	ENSMUSG00000037709	Pi16
2	ENSMUSG00000037827	Myl12a
2	ENSMUSG00000037999	Myom1
2	ENSMUSG00000038637	Xdh
2	ENSMUSG00000038663	Qpct
2	ENSMUSG00000039005	Cacna1h
2	ENSMUSG00000039109	Mapk8ip3
2	ENSMUSG00000039470	C3
2	ENSMUSG00000039929	Nudt12
2	ENSMUSG00000040323	Mtpap
2	ENSMUSG00000040537	Pkdcc
2	ENSMUSG00000040697	Thada
2	ENSMUSG00000040829	Syt4
2	ENSMUSG00000041975	Stard4
2	ENSMUSG00000042607	Arap3
2	ENSMUSG00000042644	Myot
2	ENSMUSG00000042763	Pmaip1
2	ENSMUSG00000043670	Cidea
2	ENSMUSG00000045980	Lox
2	ENSMUSG00000046380	Ppic
2	ENSMUSG00000046634	Cep192
2	ENSMUSG00000046908	Nars
2	ENSMUSG00000049281	Incenp
2	ENSMUSG00000049553	Ms4a7
2	ENSMUSG00000050677	Ms4a4d
2	ENSMUSG00000050919	Prpf19
2	ENSMUSG00000051278	Cdca5
2	ENSMUSG00000051977	Ankrd1
2	ENSMUSG00000056900	Gldc
2	ENSMUSG00000058740	Cnih2
2	ENSMUSG00000058922	Cpt1a
2	ENSMUSG00000060735	Ovol1
2	ENSMUSG00000061894	Vldlr
2	ENSMUSG00000063849	Gpam
2	ENSMUSG00000066113	Cyp26a1
2	ENSMUSG00000066687	Cep55
2	ENSMUSG00000067206	Hells
2	ENSMUSG00000067928	Ccnj
2	ENSMUSG00000068115	Col17a1
2	ENSMUSG00000069227	Hspa12a
2	ENSMUSG00000070738	Bnc1
2	ENSMUSG00000071036	Pycr1
2	ENSMUSG00000071047	Cbr2
2	ENSMUSG00000073557	Loxl4
2	ENSMUSG00000074004	Scd3
2	ENSMUSG00000074384	Kazald1
2	ENSMUSG00000078684	Lbx1
2	ENSMUSG00000078937	Pitx3
2	ENSMUSG00000080268	Fyco1
2	ENSMUSG00000080859	Gnl3l
2	ENSMUSG00000082361	Alas2
2	ENSMUSG00000085328	Atp10a
2	ENSMUSG00000090035	Padi3
2	ENSMUSG00000091387	Padi4
2	ENSMUSG00000091478	Pmel
2	ENSMUSG00000092329	Rps26
2	ENSMUSG00000098428	Pstpip2
2	ENSMUSG00000098754	Urah
2	ENSMUSG00000103034	Cox8b
3	ENSMUSG00000000567	Cd151
3	ENSMUSG00000001020	Tk1
3	ENSMUSG00000001403	Cbx2
3	ENSMUSG00000003038	Tyms
3	ENSMUSG00000003309	Rpl14
3	ENSMUSG00000003355	Myo5b
3	ENSMUSG00000003824	Tfap2b
3	ENSMUSG00000004347	Msc
3	ENSMUSG00000005089	Nrp2
3	ENSMUSG00000005268	Cps1
3	ENSMUSG00000006649	Ica1l
3	ENSMUSG00000008601	Sgol2
3	ENSMUSG00000008683	Npas2
3	ENSMUSG00000009185	2010300C02Rik
3	ENSMUSG00000009927	Mstn
3	ENSMUSG00000014303	Col19a1
3	ENSMUSG00000015880	Bok
3	ENSMUSG00000016763	Gpr39
3	ENSMUSG00000019848	Marco
3	ENSMUSG00000019936	Cacna1s
3	ENSMUSG00000020061	Pkp1
3	ENSMUSG00000020090	Tnnt2
3	ENSMUSG00000020140	Rassf5
3	ENSMUSG00000020216	Slc45a3
3	ENSMUSG00000020592	Nfasc
3	ENSMUSG00000020701	Dpt
3	ENSMUSG00000021416	F5
3	ENSMUSG00000021469	Cenpf
3	ENSMUSG00000021604	Mcm10
3	ENSMUSG00000021614	Nuf2
3	ENSMUSG00000022015	Fmo4
3	ENSMUSG00000022440	Myoc
3	ENSMUSG00000022464	Tnn
3	ENSMUSG00000022510	Kif5c
3	ENSMUSG00000023232	Lcn2
3	ENSMUSG00000023505	Galnt5
3	ENSMUSG00000024378	Phf19
3	ENSMUSG00000024521	Sec16a
3	ENSMUSG00000024526	Abca2
3	ENSMUSG00000024791	Sapcd2
3	ENSMUSG00000025150	Grin1
3	ENSMUSG00000025185	Itgb6
3	ENSMUSG00000025328	Cybrd1
3	ENSMUSG00000025362	Zfp385b
3	ENSMUSG00000025429	Dhrs9
3	ENSMUSG00000025481	Chrna1
3	ENSMUSG00000025574	Fgf7
3	ENSMUSG00000025794	Syt13
3	ENSMUSG00000025927	Mdk
3	ENSMUSG00000026039	Nusap1
3	ENSMUSG00000026141	Adam33
3	ENSMUSG00000026413	Casc5
3	ENSMUSG00000026414	Fermt1
3	ENSMUSG00000026669	Acoxl
3	ENSMUSG00000026697	Tpx2
3	ENSMUSG00000026955	Edn3
3	ENSMUSG00000026959	Fabp5
3	ENSMUSG00000027107	Helz2
3	ENSMUSG00000027220	a
3	ENSMUSG00000027239	Sla2
3	ENSMUSG00000027306	Tti1
3	ENSMUSG00000027326	Mfn1
3	ENSMUSG00000027849	Ncoa3
3	ENSMUSG00000027864	Mecom
3	ENSMUSG00000027962	Ect2
3	ENSMUSG00000028018	Ccna2
3	ENSMUSG00000028020	Trpc3
3	ENSMUSG00000028234	Syt6
3	ENSMUSG00000028238	Ptgfrn
3	ENSMUSG00000028347	Hsd3b6
3	ENSMUSG00000028407	Hmgcs2
3	ENSMUSG00000028545	Notch2
3	ENSMUSG00000028640	Vcam1
3	ENSMUSG00000028644	Col11a1
3	ENSMUSG00000028871	Cyp2u1
3	ENSMUSG00000028936	Lef1
3	ENSMUSG00000029177	Trim2
3	ENSMUSG00000029304	Sfrp2
3	ENSMUSG00000029337	Gstcd
3	ENSMUSG00000029380	Glrb
3	ENSMUSG00000029414	Dkk2
3	ENSMUSG00000029735	Iqgap3
3	ENSMUSG00000030017	F3
3	ENSMUSG00000030074	Rorc
3	ENSMUSG00000030110	Depdc1a
3	ENSMUSG00000030303	Rps20
3	ENSMUSG00000030433	Sdr16c5
3	ENSMUSG00000030677	Atp6v0d2
3	ENSMUSG00000030814	Faxc
3	ENSMUSG00000030827	Smc2
3	ENSMUSG00000031230	Coro2a
3	ENSMUSG00000031409	Tmeff1
3	ENSMUSG00000031554	Murc
3	ENSMUSG00000032068	Tnc
3	ENSMUSG00000032291	Astn2
3	ENSMUSG00000033419	Toporsos
3	ENSMUSG00000033458	Cntfr
3	ENSMUSG00000034324	Rgp1
3	ENSMUSG00000034394	Ptplad2
3	ENSMUSG00000034648	Cachd1
3	ENSMUSG00000034892	Bend5
3	ENSMUSG00000035020	Ttc39a
3	ENSMUSG00000035199	Tfap2c
3	ENSMUSG00000035295	Ermap
3	ENSMUSG00000035557	Kif2c
3	ENSMUSG00000036151	Pax7
3	ENSMUSG00000036768	Sema3c
3	ENSMUSG00000037279	Tmem54
3	ENSMUSG00000037318	Rhd
3	ENSMUSG00000037568	Sytl1
3	ENSMUSG00000037600	Rspo1
3	ENSMUSG00000037725	Cdca8
3	ENSMUSG00000037805	Sesn2
3	ENSMUSG00000037995	Ptpru
3	ENSMUSG00000038020	Rpl22
3	ENSMUSG00000038155	Slc2a5
3	ENSMUSG00000038193	Angptl7
3	ENSMUSG00000038560	Mthfr
3	ENSMUSG00000039481	Trp73
3	ENSMUSG00000039747	Mmp23
3	ENSMUSG00000039748	Prom1
3	ENSMUSG00000039813	Ociad2
3	ENSMUSG00000039883	Tbc1d1
3	ENSMUSG00000040204	Cenpa
3	ENSMUSG00000040310	Tada2b
3	ENSMUSG00000040387	Gbp9
3	ENSMUSG00000040434	Spp1
3	ENSMUSG00000040728	Ibsp
3	ENSMUSG00000040797	Aff1
3	ENSMUSG00000040952	Agpat9
3	ENSMUSG00000041193	Fgf5
3	ENSMUSG00000041219	Cxcl1
3	ENSMUSG00000041220	Kntc1
3	ENSMUSG00000041347	Cxcl9
3	ENSMUSG00000041841	Gm996
3	ENSMUSG00000042045	Ints1
3	ENSMUSG00000042367	Lfng
3	ENSMUSG00000043165	Ube3b
3	ENSMUSG00000043430	Zfp12
3	ENSMUSG00000043531	Lmod2
3	ENSMUSG00000043613	Gcc1
3	ENSMUSG00000044393	Gm20605
3	ENSMUSG00000045007	Tpk1
3	ENSMUSG00000046330	Gpnmb
3	ENSMUSG00000046761	Reg3g
3	ENSMUSG00000046844	Fbxl14
3	ENSMUSG00000047501	Gm20696
3	ENSMUSG00000047675	Gxylt2
3	ENSMUSG00000048373	Plxna1
3	ENSMUSG00000048922	Ret
3	ENSMUSG00000049517	Rad52
3	ENSMUSG00000049641	Far2
3	ENSMUSG00000049882	Tmtc1
3	ENSMUSG00000050069	Zik1
3	ENSMUSG00000050578	Sbk2
3	ENSMUSG00000051118	Dbx1
3	ENSMUSG00000051920	Cers3
3	ENSMUSG00000052316	Tarsl2
3	ENSMUSG00000052369	Fam189a1
3	ENSMUSG00000053522	Nox4
3	ENSMUSG00000054752	Tyrobp
3	ENSMUSG00000055937	Nucb2
3	ENSMUSG00000057278	Calca
3	ENSMUSG00000058447	Mylpf
3	ENSMUSG00000058558	Kif22
3	ENSMUSG00000058665	Coro1a
3	ENSMUSG00000058914	Chrdl2
3	ENSMUSG00000059291	Myh14
3	ENSMUSG00000060636	Cox6a2
3	ENSMUSG00000060913	Fbxl19
3	ENSMUSG00000061048	Bcl7c
3	ENSMUSG00000061477	Rnf40
3	ENSMUSG00000062248	Fgf21
3	ENSMUSG00000062997	Cpxm2
3	ENSMUSG00000063632	Plk1
3	ENSMUSG00000063903	Trim30a
3	ENSMUSG00000067038	Mki67
3	ENSMUSG00000068220	Elf4
3	ENSMUSG00000068252	Igsf1
3	ENSMUSG00000069272	Fgf16
3	ENSMUSG00000070564	Col4a6
3	ENSMUSG00000070990	Slc7a3
3	ENSMUSG00000071415	Itgb1bp2
3	ENSMUSG00000073234	Flna
3	ENSMUSG00000073565	Plxnb3
3	ENSMUSG00000074129	Tceal6
3	ENSMUSG00000074476	Asb5
3	ENSMUSG00000076498	Adam5
3	ENSMUSG00000078886	Hpgd
3	ENSMUSG00000079523	Gins2
3	ENSMUSG00000079598	Comp
3	ENSMUSG00000079641	Pgr
3	ENSMUSG00000081683	Hsd11b2
3	ENSMUSG00000090451	Zfp90
3	ENSMUSG00000094777	Chst5
3	ENSMUSG00000095432	Cdh15
3	ENSMUSG00000102422	Trim29
4	ENSMUSG00000000037	Grik4
4	ENSMUSG00000001027	Plet1
4	ENSMUSG00000001985	Chek1
4	ENSMUSG00000002032	Hyou1
4	ENSMUSG00000003226	Olfm2
4	ENSMUSG00000003660	Dock6
4	ENSMUSG00000004098	Ccnb2
4	ENSMUSG00000004508	Kif23
4	ENSMUSG00000004677	Elovl4
4	ENSMUSG00000004815	Paqr5
4	ENSMUSG00000007817	Thsd4
4	ENSMUSG00000009394	Crabp1
4	ENSMUSG00000010122	Hcn4
4	ENSMUSG00000015709	Rasgrf1
4	ENSMUSG00000015750	Car12
4	ENSMUSG00000016128	Atr
4	ENSMUSG00000017453	Dhx30
4	ENSMUSG00000018927	Ptgs2
4	ENSMUSG00000019232	Dclk3
4	ENSMUSG00000019464	Arpp21
4	ENSMUSG00000019820	Rpsa
4	ENSMUSG00000020576	Vipr1
4	ENSMUSG00000020741	Slco2a1
4	ENSMUSG00000020747	Gtf3c1
4	ENSMUSG00000021032	Troap
4	ENSMUSG00000021364	Alpk2
4	ENSMUSG00000022801	Rnft2
4	ENSMUSG00000022893	Rspo4
4	ENSMUSG00000023977	Rims3
4	ENSMUSG00000024066	Cspg4
4	ENSMUSG00000024251	Itgbl1
4	ENSMUSG00000024261	C330027C09Rik
4	ENSMUSG00000024451	Micall1
4	ENSMUSG00000024542	Tbc1d4
4	ENSMUSG00000024978	Kbtbd12
4	ENSMUSG00000025241	BC016579
4	ENSMUSG00000025266	Ttc28
4	ENSMUSG00000025324	Stk36
4	ENSMUSG00000026692	Lpp
4	ENSMUSG00000026764	Spg11
4	ENSMUSG00000026822	Snap91
4	ENSMUSG00000026924	Adamts15
4	ENSMUSG00000026944	Fan1
4	ENSMUSG00000027580	Prss35
4	ENSMUSG00000027650	Akr1c14
4	ENSMUSG00000027684	Calm4
4	ENSMUSG00000027878	Atp7a
4	ENSMUSG00000027983	Mapkbp1
4	ENSMUSG00000027993	Gria2
4	ENSMUSG00000028246	Phka1
4	ENSMUSG00000028532	Pomt2
4	ENSMUSG00000028909	Scx
4	ENSMUSG00000029174	Faah
4	ENSMUSG00000029313	Rhov
4	ENSMUSG00000029547	Usp54
4	ENSMUSG00000029577	Ccdc15
4	ENSMUSG00000029587	Tmem132d
4	ENSMUSG00000029720	Tmem132c
4	ENSMUSG00000030306	Mtmr3
4	ENSMUSG00000030515	Lif
4	ENSMUSG00000030816	Neurl1b
4	ENSMUSG00000030921	Tmem30b
4	ENSMUSG00000031385	Ice1
4	ENSMUSG00000031870	Ptpn13
4	ENSMUSG00000032198	Pof1b
4	ENSMUSG00000032356	Ly6d
4	ENSMUSG00000033209	Lrrn1
4	ENSMUSG00000033396	Sema3f
4	ENSMUSG00000033792	Dgkh
4	ENSMUSG00000033902	Nrip3
4	ENSMUSG00000033981	Tet3
4	ENSMUSG00000034126	Rps29
4	ENSMUSG00000034354	Ncaph
4	ENSMUSG00000034525	Dhcr24
4	ENSMUSG00000034573	Dpp4
4	ENSMUSG00000034684	Epgn
4	ENSMUSG00000035164	Zc3h12c
4	ENSMUSG00000035403	Heatr5a
4	ENSMUSG00000035969	Arl6ip5
4	ENSMUSG00000036298	Wdr38
4	ENSMUSG00000036529	Ccl7
4	ENSMUSG00000036553	Ccl2
4	ENSMUSG00000036568	Crb2
4	ENSMUSG00000036905	Cdcp1
4	ENSMUSG00000037110	Krt17
4	ENSMUSG00000037415	Twist1
4	ENSMUSG00000037486	Krt25
4	ENSMUSG00000038077	Syt1
4	ENSMUSG00000038170	Acss3
4	ENSMUSG00000038473	Rusc2
4	ENSMUSG00000038718	Adamtsl2
4	ENSMUSG00000038766	Smug1
4	ENSMUSG00000038970	Slc2a6
4	ENSMUSG00000039414	Tm6sf2
4	ENSMUSG00000039473	BC027231
4	ENSMUSG00000039512	Snapc4
4	ENSMUSG00000039523	Slc2a13
4	ENSMUSG00000039620	Lzts1
4	ENSMUSG00000039662	Greb1
4	ENSMUSG00000039959	Sbf1
4	ENSMUSG00000040102	Sh3tc1
4	ENSMUSG00000040433	Ttyh3
4	ENSMUSG00000040506	Gltscr1l
4	ENSMUSG00000040543	Cpz
4	ENSMUSG00000040648	Colec11
4	ENSMUSG00000041037	Ttll7
4	ENSMUSG00000041341	Kif15
4	ENSMUSG00000041479	Anln
4	ENSMUSG00000041528	Igflr1
4	ENSMUSG00000041949	C1qb
4	ENSMUSG00000042029	Stox1
4	ENSMUSG00000042046	Ralgapa2
4	ENSMUSG00000042129	Aff3
4	ENSMUSG00000042190	Mgarp
4	ENSMUSG00000043940	Grhl3
4	ENSMUSG00000044139	Ovol2
4	ENSMUSG00000044447	Traf3ip3
4	ENSMUSG00000045790	Icam1
4	ENSMUSG00000047036	Ranbp10
4	ENSMUSG00000047040	Cep85
4	ENSMUSG00000047419	Asxl2
4	ENSMUSG00000047953	Slc2a12
4	ENSMUSG00000048232	Vash2
4	ENSMUSG00000049516	Kdf1
4	ENSMUSG00000049739	Nme1
4	ENSMUSG00000051067	Kcnmb2
4	ENSMUSG00000051339	Fam13a
4	ENSMUSG00000051341	Ckap2
4	ENSMUSG00000051648	Rpl10a
4	ENSMUSG00000051910	Fbxw17
4	ENSMUSG00000052496	Tgm2
4	ENSMUSG00000052504	Gm5884
4	ENSMUSG00000052934	Ccr7
4	ENSMUSG00000053469	Igsf9
4	ENSMUSG00000053646	Arap2
4	ENSMUSG00000054008	Fam120a
4	ENSMUSG00000054203	Rapgefl1
4	ENSMUSG00000054293	Dennd4c
4	ENSMUSG00000058230	Kcna6
4	ENSMUSG00000058325	Gstp2
4	ENSMUSG00000058498	Pde4dip
4	ENSMUSG00000068299	Hand2
4	ENSMUSG00000070733	Fam198a
4	ENSMUSG00000073490	Mical2
4	ENSMUSG00000073700	Kcnh2
4	ENSMUSG00000074283	Sesn1
4	ENSMUSG00000078651	Nos1ap
4	ENSMUSG00000081406	Ciart
4	ENSMUSG00000085584	Sp6
4	ENSMUSG00000093909	Atp6v0a4
4	ENSMUSG00000096544	Lrrc56
4	ENSMUSG00000096795	Fsd2
4	ENSMUSG00000101439	Mybpc2
4	ENSMUSG00000102752	Pbx3
4	ENSMUSG00000104346	Nlrp6
5	ENSMUSG00000000889	Alpk3
5	ENSMUSG00000003283	Gabpb2
5	ENSMUSG00000003435	Prc1
5	ENSMUSG00000009216	Lmtk2
5	ENSMUSG00000013483	Tlr4
5	ENSMUSG00000019731	Eme1
5	ENSMUSG00000020357	Chad
5	ENSMUSG00000022129	F13a1
5	ENSMUSG00000022148	Tekt5
5	ENSMUSG00000022376	Cdk5rap2
5	ENSMUSG00000024163	Uts2r
5	ENSMUSG00000024228	Igfbp2
5	ENSMUSG00000025092	Neil3
5	ENSMUSG00000025359	Heatr5b
5	ENSMUSG00000025885	Snx22
5	ENSMUSG00000026407	Zdhhc2
5	ENSMUSG00000026828	Ubn1
5	ENSMUSG00000027668	Nrtn
5	ENSMUSG00000027678	Uhrf1bp1
5	ENSMUSG00000027875	Cep104
5	ENSMUSG00000029009	6430573F11Rik
5	ENSMUSG00000029419	Icmt
5	ENSMUSG00000030068	Ncoa7
5	ENSMUSG00000030393	Orai2
5	ENSMUSG00000030739	Exo1
5	ENSMUSG00000032373	Cercam
5	ENSMUSG00000032548	Tbc1d2
5	ENSMUSG00000034055	Lrrc17
5	ENSMUSG00000034235	Urb1
5	ENSMUSG00000034832	Hip1
5	ENSMUSG00000036040	Dtx4
5	ENSMUSG00000036281	Baz2a
5	ENSMUSG00000036523	Gjb6
5	ENSMUSG00000037490	Bub1b
5	ENSMUSG00000037816	Klhl42
5	ENSMUSG00000038024	Thbs1
5	ENSMUSG00000038670	2810417H13Rik
5	ENSMUSG00000040054	Emp3
5	ENSMUSG00000040152	Gpr34
5	ENSMUSG00000041229	Daam2
5	ENSMUSG00000041797	Alx4
5	ENSMUSG00000041828	Gm15429
5	ENSMUSG00000042453	Klhl32
5	ENSMUSG00000046410	Mterf1a
5	ENSMUSG00000047746	Zbtb38
5	ENSMUSG00000048899	Gyltl1b
5	ENSMUSG00000049985	Ambra1
5	ENSMUSG00000050271	Adam22
5	ENSMUSG00000050505	Pitpnm3
5	ENSMUSG00000052572	Apoc1
5	ENSMUSG00000054641	Ildr2
5	ENSMUSG00000054659	Ppip5k2
5	ENSMUSG00000055301	Dnajc16
5	ENSMUSG00000060012	Cyp2s1
5	ENSMUSG00000061578	Esrp1
5	ENSMUSG00000071281	Iqsec3
5	ENSMUSG00000071856	Zmynd15
5	ENSMUSG00000102697	Rps19
5	ENSMUSG00000103897	Cmtm8
5	ENSMUSG00000104063	Irgq
6	ENSMUSG00000001138	Pla2g5
6	ENSMUSG00000001151	Arhgap11a
6	ENSMUSG00000002831	Elovl6
6	ENSMUSG00000005952	Phf8
6	ENSMUSG00000006342	Car8
6	ENSMUSG00000006576	Atg2b
6	ENSMUSG00000018698	Bdkrb1
6	ENSMUSG00000019907	Ccnb1
6	ENSMUSG00000019966	Smpx
6	ENSMUSG00000020930	Syt15
6	ENSMUSG00000021951	Piezo2
6	ENSMUSG00000022263	Rnf123
6	ENSMUSG00000022840	Fmod
6	ENSMUSG00000022997	Prelp
6	ENSMUSG00000023015	Pde3a
6	ENSMUSG00000024049	Lad1
6	ENSMUSG00000024112	Abca9
6	ENSMUSG00000024827	Abca8a
6	ENSMUSG00000025010	Rpl37
6	ENSMUSG00000027716	Rhod
6	ENSMUSG00000028337	Dlx1
6	ENSMUSG00000028373	Slc16a6
6	ENSMUSG00000029196	Tango6
6	ENSMUSG00000029314	Mettl8
6	ENSMUSG00000030507	Ncapg2
6	ENSMUSG00000030669	Sln
6	ENSMUSG00000031273	Dstyk
6	ENSMUSG00000031297	Rassf4
6	ENSMUSG00000032528	Cmklr1
6	ENSMUSG00000032850	S100a14
6	ENSMUSG00000033083	Ctf1
6	ENSMUSG00000033276	Gjb3
6	ENSMUSG00000034171	Crtac1
6	ENSMUSG00000034310	Mfap4
6	ENSMUSG00000035948	Reln
6	ENSMUSG00000037820	Fam199x
6	ENSMUSG00000038014	Asb4
6	ENSMUSG00000038244	Itpr3
6	ENSMUSG00000038319	Fam159b
6	ENSMUSG00000040260	Maneal
6	ENSMUSG00000040612	Lhfpl4
6	ENSMUSG00000041741	Mamstr
6	ENSMUSG00000043456	Notum
6	ENSMUSG00000043463	Klhl6
6	ENSMUSG00000044576	Lor
6	ENSMUSG00000049699	Psapl1
6	ENSMUSG00000050315	Zfp536
6	ENSMUSG00000052296	Rab9b
6	ENSMUSG00000053965	Sorcs1
6	ENSMUSG00000061322	Mdga1
6	ENSMUSG00000067878	Mmp3
6	ENSMUSG00000068747	Diras1
6	ENSMUSG00000069515	Col6a6
6	ENSMUSG00000071661	Prr33
6	ENSMUSG00000074652	Wdfy3
6	ENSMUSG00000079020	Cilp2
6	ENSMUSG00000079243	Prss53
6	ENSMUSG00000083405	Cdc25c
6	ENSMUSG00000090958	Dsg2
6	ENSMUSG00000099032	Adig
6	ENSMUSG00000101645	Dock5
6	ENSMUSG00000102440	Gareml
7	ENSMUSG00000000753	Pard6b
7	ENSMUSG00000001131	H1fx
7	ENSMUSG00000001604	Tubg2
7	ENSMUSG00000001865	Rpl18a
7	ENSMUSG00000002083	Cenph
7	ENSMUSG00000004473	Cenpe
7	ENSMUSG00000004552	Sh2d5
7	ENSMUSG00000005583	Krt14
7	ENSMUSG00000006014	Penk
7	ENSMUSG00000009646	Basp1
7	ENSMUSG00000010086	Ifitm10
7	ENSMUSG00000016756	Ccdc149
7	ENSMUSG00000018907	Tmem104
7	ENSMUSG00000019761	Rpl37a
7	ENSMUSG00000019932	Gjb2
7	ENSMUSG00000020137	Jrk
7	ENSMUSG00000021091	Kcnk6
7	ENSMUSG00000021775	Pkd1l1
7	ENSMUSG00000021994	Fam83h
7	ENSMUSG00000022221	Atp10d
7	ENSMUSG00000023013	Vat1l
7	ENSMUSG00000023391	Ltb4r1
7	ENSMUSG00000024234	Zfp445
7	ENSMUSG00000024471	Prr15l
7	ENSMUSG00000024672	Sfn
7	ENSMUSG00000024989	Mettl21c
7	ENSMUSG00000026090	Cmya5
7	ENSMUSG00000026100	Fam180a
7	ENSMUSG00000026430	Cldn4
7	ENSMUSG00000026873	Mroh7
7	ENSMUSG00000027015	Mmp10
7	ENSMUSG00000027016	Rps8
7	ENSMUSG00000027068	Fbxo40
7	ENSMUSG00000027380	Fancb
7	ENSMUSG00000027966	Lix1
7	ENSMUSG00000027985	Trim16
7	ENSMUSG00000028128	Cdca4
7	ENSMUSG00000028780	Gpr157
7	ENSMUSG00000029061	Gp5
7	ENSMUSG00000029086	Fbxo10
7	ENSMUSG00000030510	Bcl11b
7	ENSMUSG00000030659	Ckap2l
7	ENSMUSG00000030862	Fgfbp1
7	ENSMUSG00000031103	Rimkla
7	ENSMUSG00000031907	Cdca2
7	ENSMUSG00000032017	Nrap
7	ENSMUSG00000032278	Scn3b
7	ENSMUSG00000032845	Krt8
7	ENSMUSG00000033491	Rarres1
7	ENSMUSG00000033765	Spty2d1
7	ENSMUSG00000034161	Rps23
7	ENSMUSG00000036596	Polr1a
7	ENSMUSG00000037405	Vgll2
7	ENSMUSG00000038233	Cyp2g1
7	ENSMUSG00000038745	Ucn2
7	ENSMUSG00000038763	Zfp646
7	ENSMUSG00000039084	Arl4c
7	ENSMUSG00000039321	Vcpkmt
7	ENSMUSG00000039787	Rasd1
7	ENSMUSG00000040229	Ankrd55
7	ENSMUSG00000041012	Grem2
7	ENSMUSG00000041261	Gm5446
7	ENSMUSG00000041845	D8Ertd82e
7	ENSMUSG00000041920	Synpo2
7	ENSMUSG00000042340	Sprr1a
7	ENSMUSG00000042401	Pcdh20
7	ENSMUSG00000042655	Prokr2
7	ENSMUSG00000043557	Mmp13
7	ENSMUSG00000044006	Tmem150c
7	ENSMUSG00000045545	Ccdc96
7	ENSMUSG00000049685	Scg2
7	ENSMUSG00000050359	Tmem37
7	ENSMUSG00000050640	Zfp366
7	ENSMUSG00000054065	Lingo3
7	ENSMUSG00000054146	Olfr77
7	ENSMUSG00000054662	Cited1
7	ENSMUSG00000055415	Zgrf1
7	ENSMUSG00000056328	2900026A02Rik
7	ENSMUSG00000060548	Zfp52
7	ENSMUSG00000062345	Zfp46
7	ENSMUSG00000063727	Kif18b
7	ENSMUSG00000064294	Tacstd2
7	ENSMUSG00000066364	Gm5124
7	ENSMUSG00000066438	Kctd19
7	ENSMUSG00000067786	Gypa
7	ENSMUSG00000067916	Krt71
7	ENSMUSG00000069919	Sox6
7	ENSMUSG00000071019	Rspo2
7	ENSMUSG00000071537	Prdm9
7	ENSMUSG00000072553	Bre
7	ENSMUSG00000073877	Ostn
7	ENSMUSG00000073940	Ppp6r1
7	ENSMUSG00000079013	Hbb-bs
7	ENSMUSG00000079355	Lrrc15
7	ENSMUSG00000079465	Tmem106c
7	ENSMUSG00000089960	Pkdrej
7	ENSMUSG00000090667	Epha3
7	ENSMUSG00000091694	Dlg2
7	ENSMUSG00000098934	Gm9894
8	ENSMUSG00000000296	Fbxo31
8	ENSMUSG00000002055	Tg
8	ENSMUSG00000002778	Lgals7
8	ENSMUSG00000004371	Plxnb1
8	ENSMUSG00000004945	Pde5a
8	ENSMUSG00000005410	Ndst1
8	ENSMUSG00000010342	Pkp3
8	ENSMUSG00000017491	Krt15
8	ENSMUSG00000017716	Spock3
8	ENSMUSG00000019942	Cthrc1
8	ENSMUSG00000020220	Ifi205
8	ENSMUSG00000020330	A630033H20Rik
8	ENSMUSG00000020407	Mmrn1
8	ENSMUSG00000020897	Pm20d2
8	ENSMUSG00000020914	Ano9
8	ENSMUSG00000021569	Tmem119
8	ENSMUSG00000021732	Fsd1l
8	ENSMUSG00000021943	Dsp
8	ENSMUSG00000022033	Adh7
8	ENSMUSG00000022986	Map6
8	ENSMUSG00000023945	Atp10b
8	ENSMUSG00000024247	Krt28
8	ENSMUSG00000024987	Spock1
8	ENSMUSG00000025001	Myh1
8	ENSMUSG00000025216	Chst13
8	ENSMUSG00000025510	Pcbp2
8	ENSMUSG00000025747	Usp13
8	ENSMUSG00000026278	Snrpg
8	ENSMUSG00000026574	Lypd3
8	ENSMUSG00000026725	Zfp746
8	ENSMUSG00000027356	Lepr
8	ENSMUSG00000027469	Unc13d
8	ENSMUSG00000027524	Gm10036
8	ENSMUSG00000027699	Smco4
8	ENSMUSG00000027715	Arhgap35
8	ENSMUSG00000028678	Serpina9
8	ENSMUSG00000028736	Spock2
8	ENSMUSG00000028873	Dock1
8	ENSMUSG00000029153	Cxcl2
8	ENSMUSG00000029306	Gm26920
8	ENSMUSG00000029683	Rnf207
8	ENSMUSG00000030518	Fam133b
8	ENSMUSG00000030707	Rpl5
8	ENSMUSG00000030867	En1
8	ENSMUSG00000031821	Kcnt1
8	ENSMUSG00000031962	C1qtnf3
8	ENSMUSG00000032218	Gm10052
8	ENSMUSG00000032254	Rad51b
8	ENSMUSG00000032783	Ppp1r2-ps4
8	ENSMUSG00000035498	Rpl11
8	ENSMUSG00000036777	Csf2ra
8	ENSMUSG00000037161	Max
8	ENSMUSG00000039323	Dbp
8	ENSMUSG00000039697	Dsc3
8	ENSMUSG00000040564	Kif13b
8	ENSMUSG00000041431	Tnfrsf19
8	ENSMUSG00000044201	Mfap2
8	ENSMUSG00000044927	Rpl35a
8	ENSMUSG00000045273	Rxfp3
8	ENSMUSG00000045328	Trim55
8	ENSMUSG00000046808	Tmem263
8	ENSMUSG00000047343	Dmkn
8	ENSMUSG00000047562	Mkx
8	ENSMUSG00000047786	Cdh3
8	ENSMUSG00000048327	Dnaic1
8	ENSMUSG00000049382	Krt79
8	ENSMUSG00000049866	Rps7
8	ENSMUSG00000049892	Krt5
8	ENSMUSG00000050711	Ksr2
8	ENSMUSG00000051159	Myl1
8	ENSMUSG00000051378	Zscan20
8	ENSMUSG00000052276	Cks2
8	ENSMUSG00000054889	Serpinb2
8	ENSMUSG00000056643	Rpl35
8	ENSMUSG00000057691	Ctnna2
8	ENSMUSG00000058173	Sox11
8	ENSMUSG00000058503	Krt73
8	ENSMUSG00000059237	Tnfrsf11b
8	ENSMUSG00000063063	Ppcdc
8	ENSMUSG00000068101	Klk1
8	ENSMUSG00000073125	Hist2h2aa1
8	ENSMUSG00000086605	Aox3
8	ENSMUSG00000094651	mt-Nd3
8	ENSMUSG00000097808	Adamtsl1
9	ENSMUSG00000006369	Serpina3b
9	ENSMUSG00000009772	Plekhd1
9	ENSMUSG00000015396	Zbtb16
9	ENSMUSG00000017639	Cyp2b19
9	ENSMUSG00000017897	Serpinb5
9	ENSMUSG00000020123	Rps12-ps3
9	ENSMUSG00000020181	Lrrc66
9	ENSMUSG00000020473	Nipal1
9	ENSMUSG00000021062	Rps28
9	ENSMUSG00000021319	Nnat
9	ENSMUSG00000021702	Mtap7d3
9	ENSMUSG00000022150	Gm13139
9	ENSMUSG00000023885	Zfp760
9	ENSMUSG00000024011	Cenpm
9	ENSMUSG00000024164	Ninl
9	ENSMUSG00000024529	Lgals1
9	ENSMUSG00000024587	Apol7b
9	ENSMUSG00000025270	1700019G17Rik
9	ENSMUSG00000025969	Sort1
9	ENSMUSG00000026343	Gprin1
9	ENSMUSG00000026442	Hist1h2ae
9	ENSMUSG00000027318	Dsg1a
9	ENSMUSG00000028444	Lyz1
9	ENSMUSG00000028893	Hba-a2
9	ENSMUSG00000028989	Hba-a1
9	ENSMUSG00000029816	Serpinh1
9	ENSMUSG00000031849	Ntn5
9	ENSMUSG00000031952	Runx3
9	ENSMUSG00000032487	Fryl
9	ENSMUSG00000032925	Dgkd
9	ENSMUSG00000034607	Pnmal2
9	ENSMUSG00000035000	Foxe1
9	ENSMUSG00000037443	Sdr16c6
9	ENSMUSG00000038600	Gm10309
9	ENSMUSG00000041482	Ces1a
9	ENSMUSG00000041559	Zfp65
9	ENSMUSG00000041577	Egr4
9	ENSMUSG00000043795	Rpl23
9	ENSMUSG00000044405	Klrg2
9	ENSMUSG00000047420	Zbtb3
9	ENSMUSG00000051351	Mcc
9	ENSMUSG00000051537	Gm525
9	ENSMUSG00000052305	Xlr3b
9	ENSMUSG00000054162	Gm8773
9	ENSMUSG00000055407	Gm10499
9	ENSMUSG00000058297	AI607873
9	ENSMUSG00000061013	Ppp1r12b
9	ENSMUSG00000061397	Prr16
9	ENSMUSG00000063954	Klhl21
9	ENSMUSG00000069917	Efcab7
9	ENSMUSG00000079022	Gm13306
9	ENSMUSG00000079884	Hbb-bt
9	ENSMUSG00000101939	B3gnt6
10	ENSMUSG00000005237	Rpl13a
10	ENSMUSG00000020402	Zfp109
10	ENSMUSG00000021750	AI429214
10	ENSMUSG00000023008	Spc24
10	ENSMUSG00000024924	Myh7b
10	ENSMUSG00000026435	Aldh3b2
10	ENSMUSG00000028364	Klhl41
10	ENSMUSG00000029298	Trbc2
10	ENSMUSG00000030562	Aoc2
10	ENSMUSG00000030579	5830417I10Rik
10	ENSMUSG00000030732	Rad54b
10	ENSMUSG00000032172	Gm2026
10	ENSMUSG00000032500	Cpt1b
10	ENSMUSG00000033715	Serpina3j
10	ENSMUSG00000034303	Slc45a4
10	ENSMUSG00000034825	Col22a1
10	ENSMUSG00000037138	Xirp1
10	ENSMUSG00000038332	Ackr4
10	ENSMUSG00000042595	Gbp6
10	ENSMUSG00000042873	Col4a3
10	ENSMUSG00000047502	Tmsb10
10	ENSMUSG00000057722	Tmem182
10	ENSMUSG00000059436	Clec2l
10	ENSMUSG00000073791	Rpl39
10	ENSMUSG00000079362	Gm10698
10	ENSMUSG00000090559	Brms1
10	ENSMUSG00000094065	Rpl10-ps1
11	ENSMUSG00000005233	Rps6-ps4
11	ENSMUSG00000005470	Fzd10
11	ENSMUSG00000007415	Btc
11	ENSMUSG00000009630	Gm15725
11	ENSMUSG00000011008	Gm14226
11	ENSMUSG00000017737	Gm17131
11	ENSMUSG00000019933	Rgag1
11	ENSMUSG00000020808	Gm14290
11	ENSMUSG00000021051	C330006A16Rik
11	ENSMUSG00000021144	Ugt1a1
11	ENSMUSG00000021214	Galnt4
11	ENSMUSG00000021485	Gm6133
11	ENSMUSG00000022332	Gm17137
11	ENSMUSG00000022546	Gm765
11	ENSMUSG00000024735	Rps27
11	ENSMUSG00000024803	Lrrc32
11	ENSMUSG00000025229	Phf11c
11	ENSMUSG00000026390	Gcnt4
11	ENSMUSG00000026605	Gm10039
11	ENSMUSG00000026683	Apol11b
11	ENSMUSG00000028068	Gm20388
11	ENSMUSG00000028175	Ly6g6c
11	ENSMUSG00000028312	Gm3883
11	ENSMUSG00000030019	Gm12625
11	ENSMUSG00000031004	Gm21541
11	ENSMUSG00000032113	Purb
11	ENSMUSG00000033031	Gal3st2
11	ENSMUSG00000033182	Hist1h2ap
11	ENSMUSG00000034413	Zfp748
11	ENSMUSG00000036067	Gm12627
11	ENSMUSG00000036565	Gm12621
11	ENSMUSG00000037944	Gm4617
11	ENSMUSG00000038943	Zfp433
11	ENSMUSG00000039179	Gstp2
11	ENSMUSG00000039396	Gm2260
11	ENSMUSG00000039982	Gm28045
11	ENSMUSG00000040084	Gm18853
11	ENSMUSG00000042918	Tcf24
11	ENSMUSG00000043719	RP24-447G12.2
11	ENSMUSG00000045573	Gm336
11	ENSMUSG00000049134	Gm28635
11	ENSMUSG00000050243	Gm28438
11	ENSMUSG00000052139	SCHIP1
11	ENSMUSG00000058064	PCDHGA9
11	ENSMUSG00000064360	PCDHA9
11	ENSMUSG00000070802	Gm7694
11	ENSMUSG00000078773	UBC
11	ENSMUSG00000087679	PCDHGB6
11	ENSMUSG00000094483	Pcdhgb7
11	ENSMUSG00000100622	PCDHGB6
